country_name,country_code,Time,Code,GDP_grwoth,ODA_grwoth,FDI_grwoth,Export_grwoth,Import_grwoth,HouseholdConsumption_grwoth,GovernmentConsumption_grwoth,Population_grwoth,WorldGDP_grwoth,capitalStock_grwoth,TFP_grwoth
Ecuador,ECU,1986,1,-10.69998531,-10.69998531,-10.69998531,-10.69998531,-10.69998531,-10.69998531,-10.69998531,-10.69998531,-10.69998531,-10.69998531,-10.69998531
Ecuador,ECU,1987,1,-8.93756848,-8.93756848,-8.93756848,-8.93756848,-8.93756848,-8.93756848,-8.93756848,-8.93756848,-8.93756848,-8.93756848,-8.93756848
Ecuador,ECU,1988,1,-6.407441071,-6.407441071,-6.407441071,-6.407441071,-6.407441071,-6.407441071,-6.407441071,-6.407441071,-6.407441071,-6.407441071,-6.407441071
Ecuador,ECU,1989,1,6.427746308,6.427746308,6.427746308,6.427746308,6.427746308,6.427746308,6.427746308,6.427746308,6.427746308,6.427746308,6.427746308
Ecuador,ECU,1990,1,9.707479808,9.707479808,9.707479808,9.707479808,9.707479808,9.707479808,9.707479808,9.707479808,9.707479808,9.707479808,9.707479808
Ecuador,ECU,1991,1,11.47860913,11.47860913,11.47860913,11.47860913,11.47860913,11.47860913,11.47860913,11.47860913,11.47860913,11.47860913,11.47860913
Ecuador,ECU,1992,1,6.50852374,6.50852374,6.50852374,6.50852374,6.50852374,6.50852374,6.50852374,6.50852374,6.50852374,6.50852374,6.50852374
Ecuador,ECU,1993,1,4.667116871,4.667116871,4.667116871,4.667116871,4.667116871,4.667116871,4.667116871,4.667116871,4.667116871,4.667116871,4.667116871
Ecuador,ECU,1994,1,19.90607868,19.90607868,19.90607868,19.90607868,19.90607868,19.90607868,19.90607868,19.90607868,19.90607868,19.90607868,19.90607868
Ecuador,ECU,1995,1,7.592742559,7.592742559,7.592742559,7.592742559,7.592742559,7.592742559,7.592742559,7.592742559,7.592742559,7.592742559,7.592742559
Ecuador,ECU,1996,1,3.247708051,3.247708051,3.247708051,3.247708051,3.247708051,3.247708051,3.247708051,3.247708051,3.247708051,3.247708051,3.247708051
Ecuador,ECU,1997,1,11.6372555,11.6372555,11.6372555,11.6372555,11.6372555,11.6372555,11.6372555,11.6372555,11.6372555,11.6372555,11.6372555
Ecuador,ECU,1998,1,-0.639712165,-0.639712165,-0.639712165,-0.639712165,-0.639712165,-0.639712165,-0.639712165,-0.639712165,-0.639712165,-0.639712165,-0.639712165
Ecuador,ECU,1999,1,-29.7929205,-29.7929205,-29.7929205,-29.7929205,-29.7929205,-29.7929205,-29.7929205,-29.7929205,-29.7929205,-29.7929205,-29.7929205
Ecuador,ECU,2000,1,-6.706487502,-6.706487502,-6.706487502,-6.706487502,-6.706487502,-6.706487502,-6.706487502,-6.706487502,-6.706487502,-6.706487502,-6.706487502
Ecuador,ECU,2001,1,33.50413516,33.50413516,33.50413516,33.50413516,33.50413516,33.50413516,33.50413516,33.50413516,33.50413516,33.50413516,33.50413516
Ecuador,ECU,2002,1,16.67715778,16.67715778,16.67715778,16.67715778,16.67715778,16.67715778,16.67715778,16.67715778,16.67715778,16.67715778,16.67715778
Ecuador,ECU,2003,1,13.60440114,13.60440114,13.60440114,13.60440114,13.60440114,13.60440114,13.60440114,13.60440114,13.60440114,13.60440114,13.60440114
Ecuador,ECU,2004,1,12.82280766,12.82280766,12.82280766,12.82280766,12.82280766,12.82280766,12.82280766,12.82280766,12.82280766,12.82280766,12.82280766
Ecuador,ECU,2005,1,13.43318086,13.43318086,13.43318086,13.43318086,13.43318086,13.43318086,13.43318086,13.43318086,13.43318086,13.43318086,13.43318086
Ecuador,ECU,2006,1,12.75675948,12.75675948,12.75675948,12.75675948,12.75675948,12.75675948,12.75675948,12.75675948,12.75675948,12.75675948,12.75675948
Ecuador,ECU,2007,1,8.986216499,8.986216499,8.986216499,8.986216499,8.986216499,8.986216499,8.986216499,8.986216499,8.986216499,8.986216499,8.986216499
Ecuador,ECU,2008,1,21.08474165,21.08474165,21.08474165,21.08474165,21.08474165,21.08474165,21.08474165,21.08474165,21.08474165,21.08474165,21.08474165
Ecuador,ECU,2009,1,1.225742716,1.225742716,1.225742716,1.225742716,1.225742716,1.225742716,1.225742716,1.225742716,1.225742716,1.225742716,1.225742716
Ecuador,ECU,2010,1,11.253545,11.253545,11.253545,11.253545,11.253545,11.253545,11.253545,11.253545,11.253545,11.253545,11.253545
Ecuador,ECU,2011,1,13.97634348,13.97634348,13.97634348,13.97634348,13.97634348,13.97634348,13.97634348,13.97634348,13.97634348,13.97634348,13.97634348
Ecuador,ECU,2012,1,10.90848121,10.90848121,10.90848121,10.90848121,10.90848121,10.90848121,10.90848121,10.90848121,10.90848121,10.90848121,10.90848121
Ecuador,ECU,2013,1,8.194657228,8.194657228,8.194657228,8.194657228,8.194657228,8.194657228,8.194657228,8.194657228,8.194657228,8.194657228,8.194657228
Ecuador,ECU,2014,1,6.934400974,6.934400974,6.934400974,6.934400974,6.934400974,6.934400974,6.934400974,6.934400974,6.934400974,6.934400974,6.934400974
Ecuador,ECU,2015,1,-2.394611086,-2.394611086,-2.394611086,-2.394611086,-2.394611086,-2.394611086,-2.394611086,-2.394611086,-2.394611086,-2.394611086,-2.394611086
Ecuador,ECU,2016,1,0.651941299,0.651941299,0.651941299,0.651941299,0.651941299,0.651941299,0.651941299,0.651941299,0.651941299,0.651941299,0.651941299
Ecuador,ECU,2017,1,4.360883005,4.360883005,4.360883005,4.360883005,4.360883005,4.360883005,4.360883005,4.360883005,4.360883005,4.360883005,4.360883005
Brazil,BRA,1986,2,20.27176309,45.47311652,-76.05829285,-13.42340328,7.715608568,23.91683459,30.07890463,2.422902939,18.16433394,4.516677501,3.631617016
Brazil,BRA,1987,2,9.676719705,61.85474358,238.8405797,17.67993026,6.882169003,0.765598724,24.98133899,2.428994162,13.7449708,4.079206595,-0.281444841
Brazil,BRA,1988,2,12.34791955,-27.48568454,139.8631309,29.31034227,3.274607916,7.348791335,16.30394326,2.416457754,11.87193321,3.399873187,-3.452880008
Brazil,BRA,1989,2,28.81316051,-3.326154582,-59.66476462,5.641839733,23.57988351,17.1989439,58.55376267,2.387621401,4.380664145,3.275745476,0.449984042
Brazil,BRA,1990,2,8.542498271,-25.21782178,-12.55526083,-0.326281444,38.36483166,18.9198714,35.10481218,2.358485148,12.62790946,2.472348474,-6.783095291
Brazil,BRA,1991,2,30.5027978,6.950880445,11.52679474,38.09398099,48.35199005,35.48328223,21.08393178,2.379401375,5.924729109,2.864389494,-0.876313136
Brazil,BRA,1992,2,-33.55020237,-255.6820995,86.85403445,-16.76902122,-29.59416265,-33.6030323,-36.65612547,2.289166219,6.196000854,2.253840921,-2.470225353
Brazil,BRA,1993,2,9.28592044,-182.4785305,-37.31198447,5.615865869,18.55200744,6.733431633,13.13515205,2.262685214,1.621746181,2.525393339,2.452941649
Brazil,BRA,1994,2,27.48145517,24.83007954,137.7708978,17.30773249,35.49536775,29.80506359,14.2582617,2.307948196,7.411092606,3.297304979,2.634370433
Brazil,BRA,1995,2,37.84068245,7.711615694,58.17057292,7.375039388,34.81422811,43.53865788,82.21051951,2.371484663,11.21322774,3.473369616,0.356546588
Brazil,BRA,1996,2,10.54471323,-0.261714409,130.5001029,-1.181903595,4.112318861,13.06244954,4.327087752,2.291217219,2.217070041,3.127494215,0.67351151
Brazil,BRA,1997,2,3.853736321,-5.445722502,75.44642857,7.764562428,11.86754116,4.096374972,2.720428093,2.333043731,-0.359509806,3.406933511,-0.32375914
Brazil,BRA,1998,2,-2.205188174,9.401254514,62.40712468,-1.549118373,-4.085886095,-3.953149596,0.474238032,2.328270428,-0.218465384,3.035994162,-2.325231134
Brazil,BRA,1999,2,-30.60410637,-54.49996525,-10.45655376,-5.587848614,-15.78397038,-30.0222375,-31.59934511,2.258397821,3.704687695,2.178188541,-4.055314845
Brazil,BRA,2000,2,9.348203713,84.10722468,15.46304136,16.47220056,19.25554014,9.200412978,3.738679617,2.154756179,3.234620169,2.373439282,-0.42586907
Brazil,BRA,2001,2,-14.65446199,-1.953789356,-29.60738177,3.638135855,-0.172659077,-15.29527589,-12.03764448,1.937089795,-0.593031619,2.266198931,-1.282855914
Brazil,BRA,2002,2,-9.190621448,-8.643594517,-28.58559414,4.453708419,-16.52795448,-12.32008504,-7.001205036,1.895307411,3.854969716,1.799529541,-1.189594407
Brazil,BRA,2003,2,9.91361259,-3.866993933,-38.96872443,17.25267523,6.398367353,9.818106765,5.851101534,1.835752541,12.2027037,1.45428052,-1.508964192
Brazil,BRA,2004,2,19.88048949,-22.03487812,79.60255163,30.65952504,21.47977732,16.70522665,16.04798825,1.76729158,12.62696195,1.841963007,0.914996646
Brazil,BRA,2005,2,33.21499949,18.94463668,-14.96716729,22.73274376,20.13415475,33.87364381,36.26208718,1.701096907,8.324905212,1.84602666,-0.162243938
Brazil,BRA,2006,2,24.22642457,-53.27792208,25.34357132,17.14050902,22.38465883,24.0897331,25.20573852,1.661648768,8.393792874,2.113702053,0.141524963
Brazil,BRA,2007,2,26.13159372,243.2955304,130.0509772,16.94753796,29.34832129,24.95719567,25.49606816,1.575366897,12.6860932,2.673025315,2.342422048
Brazil,BRA,2008,2,21.3831195,46.51185387,13.76621829,23.26224857,39.22427729,21.09087756,20.71930379,1.508117155,9.742016967,3.237477691,1.205833687
Brazil,BRA,2009,2,-1.698570889,-21.81400181,-37.92751355,-21.18329764,-19.38367412,1.964301417,2.534399646,1.463660157,-5.149635107,2.760306757,-2.900576958
Brazil,BRA,2010,2,32.50422508,26.85402471,161.7137672,32.67778543,40.18030825,28.79656657,28.23064371,1.42432597,9.441256421,3.77811465,3.676055882
Brazil,BRA,2011,2,18.44063383,83.00086924,24.32007805,26.25552802,22.87023963,18.54098036,16.27570877,1.360785722,11.08544586,3.955091986,-0.548520261
Brazil,BRA,2012,2,-5.772219734,56.93424434,-9.625223986,-3.372077163,0.977895805,-3.993129297,-6.474558415,1.299383412,2.30138144,3.64823095,-1.6230464
Brazil,BRA,2013,2,0.309014144,-10.30701414,-18.75084289,-0.833683315,6.424483927,0.804573678,2.270682015,1.239831463,2.856866051,3.793190653,-0.508188027
Brazil,BRA,2014,2,-0.679891704,-20.90280602,16.62383832,-6.856968463,-3.298507105,1.322592326,0.692495305,1.173370539,2.728993801,3.140100145,-3.003372895
Brazil,BRA,2015,2,-26.61975815,9.735820161,-31.21501806,-14.03702822,-24.58058338,-25.44813991,-24.23185583,1.097444096,-5.413927373,1.901263327,-4.782835431
Brazil,BRA,2016,2,-0.329535528,-32.74884115,21.61939769,-3.646344112,-14.38881256,0.098305688,2.741599184,0.946948536,1.466282541,1.205531106,-3.816669427
Brazil,BRA,2017,2,14.3251715,-60.71031528,-4.252164508,15.26531029,9.589045459,13.88342595,11.99549633,0.899982126,6.292157853,1.122015745,-0.408714162
Colombia,COL,1986,3,0.137782327,3.012442698,-34.11534702,36.61288294,-4.114951524,-5.135097573,-8.188312746,2.620234951,18.16433394,2.162700455,1.011578921
Colombia,COL,1987,3,4.094778059,23.09281627,-52.67062315,-6.33598702,12.10139777,5.340169341,4.433725861,2.455602984,13.7449708,3.174025852,1.99531888
Colombia,COL,1988,3,7.80584223,-19.30277598,-36.36363636,3.585737011,15.65809464,6.785260062,10.41346717,2.351246067,11.87193321,3.769351281,1.450157461
Colombia,COL,1989,3,0.835268682,7.808,183.7438424,11.46227648,0.561827091,0.503062036,5.595679566,2.335281024,4.380664145,5.447754547,3.805902247
Colombia,COL,1990,3,21.00150143,31.40397744,-13.19444444,26.78257097,39.35508036,18.60518786,42.76012925,2.358041655,12.62790946,5.02594305,-0.498138534
Colombia,COL,1991,3,2.782945984,28.06641066,-8.62,4.046408153,-6.773633552,3.558441464,-2.938689254,2.327796748,5.924729109,4.485633586,4.672866335
Colombia,COL,1992,3,18.79677307,105.3443866,59.48785292,2.77027394,40.66811608,23.23910923,32.67299075,2.29666482,6.196000854,5.930573885,6.42760457
Colombia,COL,1993,3,13.74179866,-63.64885758,31.61794977,4.555866868,39.69307601,13.61872756,21.6988965,2.280357848,1.621746181,6.894544209,0.906600653
Colombia,COL,1994,3,22.96076702,-10.71597353,50.81819007,21.45349848,22.52849999,21.29368321,26.65253887,2.275881988,7.411092606,6.681812592,2.234146032
Colombia,COL,1995,3,13.22315253,125.1290195,-33.05426148,9.715728031,13.46298622,12.83441846,16.93838066,2.273708819,11.21322774,8.209367468,5.65039116
Colombia,COL,1996,3,5.029690556,10.53899959,221.331943,9.840580734,4.434277575,4.737203247,26.43247998,2.134874944,2.217070041,8.083003143,2.362279999
Colombia,COL,1997,3,9.77705672,3.248963097,78.75303558,7.192019122,9.307705662,9.05504745,21.53152696,2.197568984,-0.359509806,8.167272951,1.601199144
Colombia,COL,1998,3,-7.702799744,-13.91049081,-49.14210311,-6.6716718,-7.053343275,-6.581810417,-5.91617836,2.208161361,-0.218465384,7.24479394,-3.483918753
Colombia,COL,1999,3,-12.45135675,80.71308926,-46.69495436,7.028755132,-25.43133768,-14.37065967,-4.459743363,2.15178256,3.704687695,4.431940626,-2.65228703
Colombia,COL,2000,3,15.89630963,-38.21173199,61.57891123,0.536780476,9.055852798,24.98755861,-13.84966175,2.0714912,3.234620169,4.800031603,0.640849235
Colombia,COL,2001,3,-1.676729526,105.6683632,4.329342256,-4.938722571,8.665267861,-0.176398441,-1.119355385,2.131889029,-0.593031619,4.722965785,-0.547346699
Colombia,COL,2002,3,-0.253274982,15.25997708,-16.06033457,-3.958437942,-2.122283903,-0.916984761,-3.416385033,2.011492587,3.854969716,4.428783261,-2.73038617
Colombia,COL,2003,3,-3.390693408,81.52827374,-19.36565742,8.084147055,6.042141432,-4.749870568,-5.983737114,1.940304933,12.2027037,4.60080109,-2.386836607
Colombia,COL,2004,3,23.71071086,-35.33161518,81.08966732,25.16947606,18.4485343,20.35421231,24.27536874,1.945248992,12.62696195,5.10251027,1.99481339
Colombia,COL,2005,3,23.99989145,20.33268516,228.5178187,25.85958223,33.22881907,27.41504428,10.68945537,1.97916717,8.324905212,6.506250761,0.361319798
Colombia,COL,2006,3,11.026835,58.36293239,-34.04649064,15.94196399,18.91494762,9.447536155,10.38630968,1.928592198,8.393792874,6.253988473,0.786856222
Colombia,COL,2007,3,27.61776987,-26.56698323,31.62894855,18.24913277,20.31286542,27.22570932,26.18906033,1.9876958,12.6860932,6.482350879,-1.450265916
Colombia,COL,2008,3,17.50262907,34.33768092,18.88845108,29.4470685,19.69129681,16.41422726,12.44875482,1.982209401,9.742016967,7.432001003,-4.822180377
Colombia,COL,2009,3,-3.81316388,8.046742181,-23.94499558,-12.97016139,-14.64193783,-4.114527606,0.777846735,1.875610269,-5.149635107,5.156928254,-4.72677871
Colombia,COL,2010,3,23.05843747,-36.12925241,-19.97361911,22.67913087,17.9913045,22.45469555,22.91501192,1.720205099,9.441256421,5.788258664,-0.97843656
Colombia,COL,2011,3,16.89960637,51.03067539,127.796249,37.8822432,31.68572286,14.50028823,13.3920944,1.645083664,11.08544586,6.572075139,0.235461017
Colombia,COL,2012,3,10.79980457,-24.90345783,2.680122645,8.066606348,9.807795036,11.11069567,11.78838302,1.459532416,2.30138144,6.832879223,1.1310101
Colombia,COL,2013,3,3.0472117,12.20019627,7.779989494,-0.950419037,2.381438619,2.599612481,7.772032823,1.375029236,2.856866051,6.338193074,-1.333956715
Colombia,COL,2014,3,-0.19757925,42.76201472,-0.261374677,-8.268257193,4.511583714,0.950350011,0.773208676,1.426027441,2.728993801,5.254509988,-0.50824234
Colombia,COL,2015,3,-22.99333107,10.75749283,-27.48685467,-27.55101694,-16.13276831,-20.07032101,-19.92317821,1.541270813,-5.413927373,4.789275568,-0.038983999
Colombia,COL,2016,3,-3.631141772,-18.39127934,18.14216413,-9.376693869,-8.829412479,-2.808328385,-5.390087004,1.731764731,1.466282541,4.349590607,-0.298239057
Colombia,COL,2017,3,10.24126711,-23.64663353,-0.100364706,13.05925604,3.480754937,9.432010112,12.98063155,1.852120995,6.292157853,3.928701115,-0.408514561
Chile,CHL,1986,4,6.711693594,-112.8717821,118.6417186,11.05771077,8.469250177,3.374388894,9.793849598,1.927087597,18.16433394,3.690498242,2.04570559
Chile,CHL,1987,4,17.80927517,-513.7864078,182.2503962,22.22395298,23.12282528,15.16301736,1.900305537,1.85075252,13.7449708,3.482209493,0.728327418
Chile,CHL,1988,4,17.00630319,108.0244017,8.69174621,34.05337085,17.60368035,9.519147941,11.43942015,1.794361808,11.87193321,3.981050005,-0.032471201
Chile,CHL,1989,4,14.76736335,39.16083916,32.60667424,19.10221896,29.30853421,15.19458605,11.7008929,1.768892047,4.380664145,3.260319343,-0.678916277
Chile,CHL,1990,4,10.80183593,67.83919598,-48.48461239,6.838466783,10.71936828,13.99124411,7.148226966,1.752397541,12.62790946,2.791804809,1.373041813
Chile,CHL,1991,4,14.25657397,16.72783465,24.42528736,10.05980901,4.656119281,16.9296767,13.21415027,1.65365999,5.924729109,2.196543526,-2.388448516
Chile,CHL,1992,4,21.4869252,8.629819626,13.78388234,12.40782033,23.74942312,25.02210847,21.58975572,1.680133281,6.196000854,2.808853016,1.539250817
Chile,CHL,1993,4,7.252244834,32.50818798,10.49033223,-4.15782666,8.966115941,8.494083438,11.2396025,1.680258546,1.621746181,4.329129124,-0.827638762
Chile,CHL,1994,4,15.64097458,-13.53681669,149.6471043,22.71222609,7.397599419,13.41131578,14.66308205,1.656673061,7.411092606,4.670025673,-0.754868699
Chile,CHL,1995,4,28.8354536,4.301289722,14.51918981,34.29136805,31.78277016,24.69120413,27.28667806,1.630413391,11.21322774,4.239622525,-0.186468935
Chile,CHL,1996,4,6.252814878,24.73707693,62.8209672,-1.099036217,13.4390788,6.385909814,18.82011179,1.571418451,2.217070041,3.69192389,-1.221601975
Chile,CHL,1997,4,8.858055603,-33.88860501,9.487444066,8.142728412,10.22730253,9.675162224,10.13731147,1.589296189,-0.359509806,3.20368976,-0.272531889
Chile,CHL,1998,4,-3.972733311,-17.72298655,-12.20893922,-7.416587791,-2.880587256,-1.17473945,-1.643113969,1.59782433,-0.218465384,2.479279761,-1.703497252
Chile,CHL,1999,4,-7.849763923,-34.22263974,89.31203128,3.867091902,-14.94946972,-8.110942946,-1.424900856,1.599818531,3.704687695,0.109175172,-4.735135115
Chile,CHL,2000,4,3.574567006,-30.06283919,-44.52680434,9.93162798,12.15859876,2.44338568,2.705590288,1.602077095,3.234620169,-0.181737249,-1.178990191
Chile,CHL,2001,4,-8.83756205,20.52276904,-13.58540104,-3.263228211,-2.628844479,-9.115928534,-8.543340987,1.69595036,-0.593031619,0.303867001,-0.356238029
Chile,CHL,2002,4,-1.751357927,-111.3351406,-39.28411884,-0.522277576,-2.24573847,-2.712135172,-0.955685902,1.641682787,3.854969716,0.722434166,-1.420242231
Chile,CHL,2003,4,8.469914645,-1302.989537,57.90663517,17.91066483,8.70908638,6.762038157,4.031684959,1.623061393,12.2027037,1.191155283,0.333636207
Chile,CHL,2004,4,31.15528172,-32.4055666,68.81302124,46.3945831,28.04959021,25.15109407,22.67227639,1.638691391,12.62696195,1.629980539,3.464050989
Chile,CHL,2005,4,23.94347861,213.2536765,9.782695642,25.05655581,30.26109898,22.8835289,19.58882421,1.656665578,8.324905212,2.169579432,0.722702603
Chile,CHL,2006,4,25.87993445,-41.76398099,1.661481744,37.27466048,17.26276363,17.08663353,18.12865158,1.633722325,8.393792874,3.042565982,3.31619584
Chile,CHL,2007,4,12.15723464,9.51229343,77.62222908,15.41962598,19.94554475,12.98440508,15.85699911,1.636315816,12.6860932,3.692653221,2.055858751
Chile,CHL,2008,4,3.474839122,-2.051895473,37.09410753,-4.893414021,29.9794567,12.62962825,11.73720493,1.603435102,9.742016967,4.012434929,-1.134929917
Chile,CHL,2009,4,-4.035325381,-25.60826679,-24.99838086,-14.19004942,-28.5817592,-6.068026958,7.627167618,1.519429874,-5.149635107,3.540131157,-2.908534325
Chile,CHL,2010,4,26.76964269,138.0856169,15.62278854,29.18019695,35.51986585,25.78698358,23.62366297,1.405187246,9.441256421,3.619896627,-0.423642174
Chile,CHL,2011,4,15.4272987,-11.20186698,50.74954174,15.47881172,26.94513127,18.99103145,13.56603528,1.220670466,11.08544586,4.662685779,1.498420986
Chile,CHL,2012,4,5.895028978,-23.49778999,25.43709297,-4.312820104,4.992002755,8.586780352,5.996112339,1.136221306,2.30138144,4.58520899,-0.2068996
Chile,CHL,2013,4,4.216050772,-37.10181137,-31.25417918,-1.655358795,0.016937508,5.896774738,7.501718339,1.078695474,2.856866051,4.713667577,1.718225602
Chile,CHL,2014,4,-6.409374836,204.8411122,13.9803405,-3.760669338,-8.15749558,-5.721128931,-3.36473848,1.075106868,2.728993801,5.14892629,0.596611465
Chile,CHL,2015,4,-6.380000549,-77.87686294,-11.293418,-16.93894693,-13.84912047,-5.88880841,-4.220944032,1.10709109,-5.413927373,4.862823247,-0.921655437
Chile,CHL,2016,4,2.632347186,228.4373274,-42.3635541,-1.617557811,-4.460947896,2.542433449,8.883580071,1.312948761,1.466282541,4.236097031,-0.232380433
Chile,CHL,2017,4,10.94774905,-61.07375028,-51.77716666,12.38963281,9.314824099,10.3065708,12.7500193,1.378882196,6.292157853,3.942652372,-0.522261082
Peru,PER,1986,5,-7.883302294,-13.8845304,2100,-42.06785772,-11.1283143,3.575076609,-2.319587629,2.774864273,18.16433394,1.70504777,-0.394537002
Peru,PER,1987,5,35.80413297,8.556129848,45.45454545,4.607262293,10.34528648,36.65351743,33.33333335,2.772984649,13.7449708,1.471721942,-4.705356969
Peru,PER,1988,5,-25.42176646,-6.425977941,-18.75,-11.08915472,-7.96837961,-23.91765073,-48.01261891,2.75447241,11.87193321,0.904670612,3.109013442
Peru,PER,1989,5,45.72811622,12.38011567,126.9230769,9.344522604,-9.879372518,45.3790729,47.04016035,2.720630766,4.380664145,0.716537739,-1.906316418
Peru,PER,1990,5,17.38179654,29.34201954,-30.50847458,62.63227408,44.25101897,28.61308925,-0.539375788,2.681565532,12.62790946,0.497700319,1.586809032
Peru,PER,1991,5,31.28214598,53.75239246,-117.0731707,1.08038754,36.49160741,34.57210644,36.08003546,2.531967243,5.924729109,0.864601357,-0.093741615
Peru,PER,1992,5,4.2313617,-33.37155212,1028.571429,7.401704778,12.02594142,4.815170601,8.135043663,2.513737819,6.196000854,0.86729374,-1.036476691
Peru,PER,1993,5,-2.714821032,38.89571759,-1062.770834,-3.639845724,2.183101989,-3.777202137,-1.600001267,2.493992076,1.621746181,0.750039604,1.002536017
Peru,PER,1994,5,27.6578285,-40.73097345,332.4525993,32.17277859,27.55440756,21.35003197,41.94458469,2.484379906,7.411092606,0.939686156,1.941179711
Peru,PER,1995,5,18.78414272,11.12371965,-22.26098074,17.18816014,34.78591701,16.77105414,33.38531358,2.487040438,11.21322774,0.790102147,-1.662815563
Peru,PER,1996,5,3.638189464,-11.61453295,35.751823,9.532744683,3.696726009,5.044611434,8.685348645,2.553089284,2.217070041,0.599055838,0.850267916
Peru,PER,1997,5,5.23978624,19.56217695,-38.37026299,14.41305867,8.996537262,2.921211589,4.011680031,2.551485649,-0.359509806,0.941361179,0.72352355
Peru,PER,1998,5,-4.550588798,26.64276269,-23.15337453,-9.6559784,-3.254792355,-3.367164552,2.373579992,2.501367718,-0.218465384,1.097320649,0.265041151
Peru,PER,1999,5,-9.574779753,-10.16847051,18.00905371,1.603806581,-16.34479813,-11.04372191,-4.899845946,2.392525862,3.704687695,-0.281848356,-4.012469891
Peru,PER,2000,5,3.103222932,-10.2420815,-58.26324293,12.28719553,8.665528082,4.162012993,2.225083617,2.245151893,3.234620169,0.218284712,-2.920072114
Peru,PER,2001,5,0.551572182,12.98468435,41.31957253,-0.449808729,-1.091120761,2.057653059,2.892177124,1.944895963,-0.593031619,1.047119484,-2.750377807
Peru,PER,2002,5,5.280388922,8.342700963,88.40445484,9.551045856,2.494003404,4.668212474,0.319292509,1.739178074,3.854969716,1.827480293,3.183281911
Peru,PER,2003,5,7.217329642,1.708914839,-38.07476226,18.01588946,11.00851088,5.718992803,10.61380891,1.57521567,12.2027037,1.72596613,-1.860854588
Peru,PER,2004,5,13.68556513,-6.112733528,19.77752188,36.98847577,16.21402982,9.550617889,11.09540268,1.464144982,12.62696195,1.865354303,1.977344399
Peru,PER,2005,5,13.91655383,-2.920874345,61.26688282,33.48844,22.80714674,8.7765727,15.82152248,1.394752482,8.324905212,2.268574671,0.26721893
Peru,PER,2006,5,16.54284347,0.880022824,34.42839527,32.5508625,20.7472234,7.950888577,11.16792573,1.320520853,8.393792874,2.355008925,-0.101071522
Peru,PER,2007,5,15.26094403,-31.56761225,58.39931073,18.98065181,31.08718927,15.28389664,10.38658238,1.238946282,12.6860932,2.424668757,-1.908467816
Peru,PER,2008,5,17.98907915,48.9684331,26.0917879,11.27221456,40.15605177,22.44695268,17.03920489,1.180744727,9.742016967,3.211233974,-0.25414824
Peru,PER,2009,5,0.225952178,-6.585433516,-7.120496162,-10.85128903,-24.34077668,2.398888888,10.8130135,1.156648406,-5.149635107,2.676222546,-1.350948304
Peru,PER,2010,5,22.10336897,-167.6893204,31.47385871,28.4948798,34.36881452,18.18150203,12.08792297,1.160144885,9.441256421,3.171011287,0.423959983
Peru,PER,2011,5,16.4257945,-301.751544,-9.135428746,27.62477859,24.42723085,13.9465571,14.61750034,1.157820274,11.08544586,3.895750648,5.264691435
Peru,PER,2012,5,12.16060247,-35.50459176,77.32390127,0.933991222,10.77324735,15.54635689,17.66843943,1.237892046,2.30138144,4.40409577,2.147603
Peru,PER,2013,5,4.42590933,-5.680049798,-27.86923627,-5.622381761,3.631676109,5.855367236,10.47481458,1.285540025,2.856866051,4.855640488,2.861650312
Peru,PER,2014,5,-0.095276031,-9.723367981,-60.0046622,-9.04825239,-3.119547258,1.733412463,10.71141582,1.29710681,2.728993801,4.61034529,4.418258705
Peru,PER,2015,5,-5.584857573,1.98903442,111.5543911,-10.98844917,-6.915733303,-4.37038165,-2.169369093,1.321392753,-5.413927373,3.741511459,-1.830607212
Peru,PER,2016,5,1.132151398,-4.369381477,-18.94300249,7.33734022,-3.501119525,0.605249601,2.8046266,2.671956611,1.466282541,2.920194008,-3.646929378
Peru,PER,2017,5,9.793678852,-102.3735166,1.802048175,19.37750534,10.24097964,8.651151111,10.99739867,2.429675531,6.292157853,3.136364737,1.10940096
Uruguay,URY,1986,6,24.2622692,451.7745303,-568.3544304,21.74773471,19.36603686,24.30929852,23.24064719,0.720450714,18.16433394,1.245939933,4.705775038
Uruguay,URY,1987,6,25.295115,-33.4846765,35.40540541,3.470018458,18.7257936,28.02636392,15.64181093,0.616798255,13.7449708,2.824187443,6.05182207
Uruguay,URY,1988,6,11.48316334,131.1149033,-6.586826347,13.59036237,2.950234801,9.562371559,2.655686257,0.605434109,11.87193321,1.632282268,-10.19083205
Uruguay,URY,1989,6,2.744695839,-5.685454098,-19.44444444,9.433433782,2.534801016,4.186496461,4.13834993,0.68957034,4.380664145,0.120876904,-12.61674511
Uruguay,URY,1990,6,10.18951444,36.82150313,10.18567639,10.36893209,12.65889817,10.93008853,8.001465058,0.799994178,12.62790946,0.324323413,-5.382382595
Uruguay,URY,1991,6,20.50934924,-6.885370971,-22.14732788,5.973458488,18.94366158,20.19090832,19.15978544,0.640836543,5.924729109,0.754985659,-0.027496107
Uruguay,URY,1992,6,14.92265778,40.88488324,-65.05875077,13.55597325,26.27407082,18.41318931,11.29330273,0.796380545,6.196000854,1.004100888,-0.251749096
Uruguay,URY,1993,6,16.49226333,63.62314626,798.2300885,8.963184842,16.09742842,17.14929366,22.4392383,0.874684481,1.621746181,1.814885703,3.43760604
Uruguay,URY,1994,6,16.48129395,-34.81428825,52.21674877,20.38386194,21.38301596,16.89182806,13.57301496,0.847596008,7.411092606,3.935285578,7.867309209
Uruguay,URY,1995,6,10.43234363,-9.6782988,1.359223301,6.130555172,3.490851957,10.40963208,10.13230486,0.769858142,11.21322774,4.953265485,2.299713754
Uruguay,URY,1996,6,6.311022925,-47.17778449,-12.64367816,10.07823752,10.52762111,5.260627569,15.03723632,0.627844455,2.217070041,4.326516618,-1.564367647
Uruguay,URY,1997,6,16.83738015,-0.028571429,-7.602339181,3.697574262,19.13249349,21.31815503,0.700662485,0.600665424,-0.359509806,5.22255281,1.761497257
Uruguay,URY,1998,6,5.907866685,-29.06544727,29.82594937,-0.388769104,0.528697742,5.42825584,4.530640362,0.543778852,-0.218465384,4.649397307,-5.522269192
Uruguay,URY,1999,6,-5.522677745,-8.702659146,43.38817794,-13.13071842,-10.10057035,-3.799624921,5.689256862,0.475986067,3.704687695,3.352211339,-1.666091083
Uruguay,URY,2000,6,-4.839443135,-17.96116505,11.69783255,5.248172387,4.145695917,-4.1124876,-3.55385317,0.404385735,3.234620169,2.771349187,-4.224962562
Uruguay,URY,2001,6,-8.432045812,-12.74878967,18.10251232,-7.847697167,-10.76879925,-9.179218702,-7.424228897,0.192853924,-0.593031619,2.121348715,-1.672492333
Uruguay,URY,2002,6,-34.89338077,-11.15906289,-42.05847569,-20.10505203,-35.21869448,-37.05146025,-35.64517818,0.066812182,3.854969716,2.119597713,1.653429418
Uruguay,URY,2003,6,-11.47145942,13.80985427,123.9157463,17.76698135,10.96874674,-15.89524265,-14.04323024,0.031264181,12.2027037,2.427987992,0.706060501
Uruguay,URY,2004,6,13.62069604,44.26829268,-12.41679372,33.00399165,37.14937974,12.12038108,4.294655966,0.103539261,12.62696195,2.776429565,0.847228547
Uruguay,URY,2005,6,26.86277346,-25.52831784,134.3625583,20.11406243,23.01461965,28.07410869,26.06089871,0.240588034,8.324905212,3.289624898,1.779622105
Uruguay,URY,2006,6,12.7663333,35.30079455,82.47054707,12.37127521,25.4410805,14.7077007,16.37352775,0.366038956,8.393792874,4.277735673,1.833025716
Uruguay,URY,2007,6,19.56701087,55.83053691,-9.919033137,14.803601,13.70037519,18.53861725,21.6321749,0.534217001,12.6860932,5.520873997,2.317833596
Uruguay,URY,2008,6,29.71153501,-10.98250336,57.64420339,34.6722235,50.74925094,28.52160637,37.99241457,0.646481712,9.742016967,7.171259574,2.534848056
Uruguay,URY,2009,6,4.263614146,57.72603568,-25.18138414,-6.451017024,-21.67897759,0.125811696,10.50169431,0.662271998,-5.149635107,5.990499474,-3.342156664
Uruguay,URY,2010,6,27.23727785,-8.895705521,36.72027707,23.68663898,22.69286462,27.87153626,24.30894438,0.611390367,9.441256421,7.331817657,3.720689151
Uruguay,URY,2011,6,19.05934329,-60.16414141,22.77547924,19.41709034,25.95629316,18.70447226,20.13793499,0.57524523,11.08544586,7.445797679,0.763739266
Uruguay,URY,2012,6,6.884451375,-8.293713682,124.6725537,4.851627561,16.1151644,7.321076156,11.18460214,0.518833041,2.30138144,8.06795384,-0.2337396
Uruguay,URY,2013,6,12.22455436,110.3686636,-87.50580589,1.112376441,1.530989292,12.17776238,14.32632043,0.48075392,2.856866051,7.676330439,0.7963137
Uruguay,URY,2014,6,-0.513147812,150.7393209,407.2533747,0.294249734,-3.606453532,-0.367100005,0.766729727,0.482220363,2.728993801,6.629319597,-1.395755918
Uruguay,URY,2015,6,-6.921706545,-74.68603254,-36.81081129,-11.131542,-16.7399338,-7.298659878,-5.974253064,0.498511779,-5.413927373,5.386680211,-0.280214845
Uruguay,URY,2016,6,-1.101266302,-21.26833477,-120.559458,-5.722442458,-13.94579318,-2.126952272,3.778801427,0.410113464,1.466282541,4.601891338,1.128680777
Uruguay,URY,2017,6,7.214939918,123.3972603,-628.4234185,7.222693558,-1.131687493,8.945612954,7.343358575,0.452380866,6.292157853,4.288024752,-0.439819431
Argentina,ARG,1986,7,25.4677926,120.0410046,-37.54080522,-12.74226716,26.48236667,20.90916333,6.310939005,1.529338025,18.16433394,-0.147725715,8.616982693
Argentina,ARG,1987,7,0.154819901,15.68832984,-103.3101045,-3.388669471,19.97828234,-29.96027603,-0.946172877,1.39037216,13.7449708,0.8585823,3.320789348
Argentina,ARG,1988,7,13.59116504,53.62931642,-6136.842105,37.51793717,-6.859456507,11.00875947,4.13222976,1.351094882,11.87193321,1.021980222,-1.620892817
Argentina,ARG,1989,7,-39.2767366,38.0733945,-10.37489102,-16.80849758,-35.68385595,-39.44687383,-36.85329587,1.450159934,4.380664145,0.957880948,-1.174570822
Argentina,ARG,1990,7,84.44427206,-19.91457048,78.59922179,46.32388977,29.83286396,93.54617661,28.67397795,1.595672027,12.62790946,0.663959681,0.667330709
Argentina,ARG,1991,7,34.2177609,62.19035202,32.84313725,-0.562431162,76.14342729,39.96800185,42.19408213,1.4067157,5.924729109,1.366914731,2.626180338
Argentina,ARG,1992,7,20.59278736,-3.376205788,81.67189516,3.672876186,61.36137647,22.70994696,8.023543416,1.558134266,6.196000854,2.904289694,6.220182458
Argentina,ARG,1993,7,3.476177229,-14.23385267,-36.96457733,8.356012441,18.50251163,-12.51560811,369.8317764,1.63924681,1.621746181,3.318788365,0.061598746
Argentina,ARG,1994,7,8.74298177,-35.28218695,30.14037684,18.51026439,23.81130963,9.867938497,6.139387875,1.612002507,7.411092606,3.456332768,3.594452884
Argentina,ARG,1995,7,0.229859385,-2.493527729,54.31990453,28.85428499,-4.622508604,-1.721238631,1.465365052,1.538364307,11.21322774,2.776268307,-3.864583
Argentina,ARG,1996,7,5.471419699,-8.091112353,23.87256562,13.62317049,15.7860831,5.414406274,-1.226707412,1.45393946,2.217070041,3.138917503,4.424637883
Argentina,ARG,1997,7,7.609505429,-22.20617303,31.83023224,8.97418732,24.09845962,8.869974628,3.825056338,1.424021019,-0.359509806,3.397279758,2.385569666
Argentina,ARG,1998,7,2.079242912,-16.40770058,-20.41003705,0.675107668,3.350644283,1.677243845,5.741640346,1.399584452,-0.218465384,3.53383192,5.126911147
Argentina,ARG,1999,7,-5.159839537,-0.748187982,229.0196748,-10.51764449,-15.27026712,-3.664296157,4.16446657,1.400865833,3.704687695,2.487343714,-2.301427035
Argentina,ARG,2000,7,0.240103977,-28.89281508,-56.56809153,12.0642962,0.938402513,-0.917826575,0.685526734,1.416103467,3.234620169,1.818431061,-2.027027124
Argentina,ARG,2001,7,-5.456296759,153.8346861,-79.20837518,-0.356370431,-16.52930168,-6.029061833,-2.904235157,1.443628031,-0.593031619,1.394407053,-3.613257417
Argentina,ARG,2002,7,-63.63037355,-42.44975202,-0.795278939,-10.85035582,-52.66671578,-67.33191511,-68.56578477,1.404012704,3.854969716,0.266901072,-4.614381908
Argentina,ARG,2003,7,30.55847892,22.1340288,-23.12335091,19.28099693,43.67941023,33.29918538,22.05190958,1.384364105,12.2027037,0.111125243,2.017270733
Argentina,ARG,2004,7,29.05544034,-14.51118745,149.6782707,18.68696925,47.7484798,31.37054339,25.40628866,1.389931389,12.62696195,0.903576497,1.849985872
Argentina,ARG,2005,7,20.69694698,2.215464813,27.65139852,17.65142263,23.99554419,18.25396736,31.85187287,1.402132841,8.324905212,1.535659461,5.252384855
Argentina,ARG,2006,7,17.01754059,17.32894178,5.167655857,15.91419851,17.70313774,17.46459144,19.78885194,1.283792101,8.393792874,2.388011144,0.403666108
Argentina,ARG,2007,7,23.63858579,-22.2946663,16.89999169,21.6844383,29.85813042,22.19456657,29.20813963,1.33657142,12.6860932,2.728771407,2.543382753
Argentina,ARG,2008,7,25.74597356,39.84384104,50.24462588,22.40656399,26.15419969,26.83861388,31.98218872,1.355505237,9.742016967,3.612099643,2.62991379
Argentina,ARG,2009,7,-7.905107783,-5.275,-58.69483171,-18.34119283,-27.21419999,-8.04591321,7.43141763,1.319155404,-5.149635107,2.782778537,2.009868764
Argentina,ARG,2010,7,27.22442626,13.07293041,182.107799,23.14537396,40.74933177,29.76165063,21.30330944,0.988927107,9.441256421,3.437358751,4.503867342
Argentina,ARG,2011,7,25.14848046,-25.94724967,-4.348362447,21.94528495,30.76519823,25.12160637,29.48335511,1.336938559,11.08544586,3.434669998,-0.14045744
Argentina,ARG,2012,7,2.983815492,86.76192477,41.36560459,-9.359977999,-12.18548433,4.079200247,9.262250453,1.2485366,2.30138144,4.236222455,2.9538512
Argentina,ARG,2013,7,1.10676916,-80.46242124,-35.90639381,-8.984606069,4.135813077,2.795687857,2.083491267,1.181632608,2.856866051,4.033122158,0.021791511
Argentina,ARG,2014,7,-4.656575334,40.48373164,-48.42689949,-6.037396823,-9.29160188,-5.529978472,-3.841703303,1.157323002,2.728993801,3.806374848,-0.63663162
Argentina,ARG,2015,7,13.00153027,-138.6759582,132.1463981,-16.02118203,-4.921581403,13.90501189,20.65838357,1.154179261,-5.413927373,2.83425194,-1.246178159
Argentina,ARG,2016,7,-6.25774761,-113.8844727,-72.27514242,9.691414545,7.955834695,-6.51938606,-8.556459407,1.063652985,1.466282541,2.521162517,-0.222490421
Argentina,ARG,2017,7,15.27528175,-288.1679389,253.2601505,3.456375987,18.79143942,16.31482137,15.35047056,1.078736726,6.292157853,1.439597016,1.169440827