AAA(t),AAA(t-1),AAA(t-2),deltaAAA(t),deltaAAA(t-1),AAp(t),AAp(t-1),AAp(t-2),deltaAAp(t),deltaAAp(t-1),AA(t),AA(t-1),AA(t-2),deltaAA(t),deltaAA(t-1),AAm(t),AAm(t-1),AAm(t-2),deltaAAm(t),deltaAAm(t-1),Ap(t),Ap(t-1),Ap(t-2),deltaAp(t),deltaAp(t-1),A(t),A(t-1),A(t-2),deltaA(t),deltaA(t-1),Am(t),Am(t-1),Am(t-2),deltaAm(t),deltaAm(t-1),volatility_t,volatility_t-1,delta_v
0.536,0.541,0.544,-0.005,-0.003,0.676,0.681,0.684,-0.005,-0.003,0.716,0.721,0.724,-0.005,-0.003,0.756,0.761,0.764,-0.005,-0.003,0.946,0.951,0.954,-0.005,-0.003,1.206,1.211,1.214,-0.005,-0.003,1.626,1.631,1.634,-0.005,-0.003,0.63,4.04,-3.41
0.541,0.544,0.544,-0.003,0,0.681,0.684,0.674,-0.003,0.01,0.721,0.724,0.714,-0.003,0.01,0.761,0.764,0.754,-0.003,0.01,0.951,0.954,0.944,-0.003,0.01,1.211,1.214,1.204,-0.003,0.01,1.631,1.634,1.624,-0.003,0.01,4.04,-7.34,11.38
0.544,0.544,0.544,0,0,0.684,0.674,0.674,0.01,0,0.724,0.714,0.724,0.01,-0.01,0.764,0.754,0.764,0.01,-0.01,0.954,0.944,0.944,0.01,0,1.214,1.204,1.214,0.01,-0.01,1.634,1.624,1.624,0.01,0,-7.34,-5.25,-2.09
0.544,0.544,0.536,0,0.008,0.674,0.674,0.666,0,0.008,0.714,0.724,0.716,-0.01,0.008,0.754,0.764,0.756,-0.01,0.008,0.944,0.944,0.936,0,0.008,1.204,1.214,1.206,-0.01,0.008,1.624,1.624,1.616,0,0.008,-5.25,1.95,-7.2
0.544,0.536,0.544,0.008,-0.008,0.674,0.666,0.664,0.008,0.002,0.724,0.716,0.704,0.008,0.012,0.764,0.756,0.744,0.008,0.012,0.944,0.936,0.934,0.008,0.002,1.214,1.206,1.194,0.008,0.012,1.624,1.616,1.614,0.008,0.002,1.95,-8.11,10.06
0.536,0.544,0.56,-0.008,-0.016,0.666,0.664,0.67,0.002,-0.006,0.716,0.704,0.71,0.012,-0.006,0.756,0.744,0.75,0.012,-0.006,0.936,0.934,0.94,0.002,-0.006,1.206,1.194,1.2,0.012,-0.006,1.616,1.614,1.62,0.002,-0.006,-8.11,-1.57,-6.54
0.544,0.56,0.555,-0.016,0.005,0.664,0.67,0.665,-0.006,0.005,0.704,0.71,0.715,-0.006,-0.005,0.744,0.75,0.745,-0.006,0.005,0.934,0.94,0.935,-0.006,0.005,1.194,1.2,1.195,-0.006,0.005,1.614,1.62,1.615,-0.006,0.005,-1.57,-12.51,10.94
0.56,0.555,0.564,0.005,-0.009,0.67,0.665,0.674,0.005,-0.009,0.71,0.715,0.714,-0.005,0.001,0.75,0.745,0.754,0.005,-0.009,0.94,0.935,0.944,0.005,-0.009,1.2,1.195,1.204,0.005,-0.009,1.62,1.615,1.624,0.005,-0.009,-12.51,19.17,-31.68
0.555,0.564,0.557,-0.009,0.007,0.665,0.674,0.667,-0.009,0.007,0.715,0.714,0.707,0.001,0.007,0.745,0.754,0.747,-0.009,0.007,0.935,0.944,0.937,-0.009,0.007,1.195,1.204,1.197,-0.009,0.007,1.615,1.624,1.617,-0.009,0.007,19.17,-6.53,25.7
0.564,0.557,0.564,0.007,-0.007,0.674,0.667,0.664,0.007,0.003,0.714,0.707,0.714,0.007,-0.007,0.754,0.747,0.754,0.007,-0.007,0.944,0.937,0.934,0.007,0.003,1.204,1.197,1.204,0.007,-0.007,1.624,1.617,1.614,0.007,0.003,-6.53,-7.14,0.61
0.557,0.564,0.562,-0.007,0.002,0.667,0.664,0.662,0.003,0.002,0.707,0.714,0.702,-0.007,0.012,0.747,0.754,0.742,-0.007,0.012,0.937,0.934,0.932,0.003,0.002,1.197,1.204,1.192,-0.007,0.012,1.617,1.614,1.612,0.003,0.002,-7.14,-6.37,-0.77
0.564,0.562,0.564,0.002,-0.002,0.664,0.662,0.664,0.002,-0.002,0.714,0.702,0.704,0.012,-0.002,0.754,0.742,0.744,0.012,-0.002,0.934,0.932,0.934,0.002,-0.002,1.204,1.192,1.194,0.012,-0.002,1.614,1.612,1.614,0.002,-0.002,-6.37,8.94,-15.31
0.562,0.564,0.574,-0.002,-0.01,0.662,0.664,0.674,-0.002,-0.01,0.702,0.704,0.714,-0.002,-0.01,0.742,0.744,0.744,-0.002,0,0.932,0.934,0.934,-0.002,0,1.192,1.194,1.194,-0.002,0,1.612,1.614,1.614,-0.002,0,8.94,-5.72,14.66
0.564,0.574,0.585,-0.01,-0.011,0.664,0.674,0.675,-0.01,-0.001,0.704,0.714,0.715,-0.01,-0.001,0.744,0.744,0.745,0,-0.001,0.934,0.934,0.935,0,-0.001,1.194,1.194,1.195,0,-0.001,1.614,1.614,1.615,0,-0.001,-5.72,0.05,-5.77
0.574,0.585,0.587,-0.011,-0.002,0.674,0.675,0.687,-0.001,-0.012,0.714,0.715,0.717,-0.001,-0.002,0.744,0.745,0.747,-0.001,-0.002,0.934,0.935,0.937,-0.001,-0.002,1.194,1.195,1.197,-0.001,-0.002,1.614,1.615,1.617,-0.001,-0.002,0.05,9.73,-9.68
0.585,0.587,0.594,-0.002,-0.007,0.675,0.687,0.684,-0.012,0.003,0.715,0.717,0.724,-0.002,-0.007,0.745,0.747,0.754,-0.002,-0.007,0.935,0.937,0.934,-0.002,0.003,1.195,1.197,1.204,-0.002,-0.007,1.615,1.617,1.614,-0.002,0.003,9.73,5.88,3.85
0.587,0.594,0.608,-0.007,-0.014,0.687,0.684,0.688,0.003,-0.004,0.717,0.724,0.728,-0.007,-0.004,0.747,0.754,0.758,-0.007,-0.004,0.937,0.934,0.938,0.003,-0.004,1.197,1.204,1.208,-0.007,-0.004,1.617,1.614,1.618,0.003,-0.004,5.88,-9.71,15.59
0.594,0.608,0.604,-0.014,0.004,0.684,0.688,0.684,-0.004,0.004,0.724,0.728,0.724,-0.004,0.004,0.754,0.758,0.754,-0.004,0.004,0.934,0.938,0.934,-0.004,0.004,1.204,1.208,1.204,-0.004,0.004,1.614,1.618,1.614,-0.004,0.004,-9.71,-3.39,-6.32
0.608,0.604,0.604,0.004,0,0.688,0.684,0.684,0.004,0,0.728,0.724,0.724,0.004,0,0.758,0.754,0.744,0.004,0.01,0.938,0.934,0.934,0.004,0,1.208,1.204,1.194,0.004,0.01,1.618,1.614,1.614,0.004,0,-3.39,-9.2,5.81
0.604,0.604,0.6,0,0.004,0.684,0.684,0.68,0,0.004,0.724,0.724,0.72,0,0.004,0.754,0.744,0.75,0.01,-0.006,0.934,0.934,0.93,0,0.004,1.204,1.194,1.2,0.01,-0.006,1.614,1.614,1.61,0,0.004,-9.2,10.74,-19.94
0.604,0.6,0.614,0.004,-0.014,0.684,0.68,0.654,0.004,0.026,0.724,0.72,0.694,0.004,0.026,0.744,0.75,0.714,-0.006,0.036,0.934,0.93,0.904,0.004,0.026,1.194,1.2,1.164,-0.006,0.036,1.614,1.61,1.584,0.004,0.026,10.74,0.82,9.92
0.6,0.614,0.596,-0.014,0.018,0.68,0.654,0.636,0.026,0.018,0.72,0.694,0.666,0.026,0.028,0.75,0.714,0.696,0.036,0.018,0.93,0.904,0.886,0.026,0.018,1.2,1.164,1.146,0.036,0.018,1.61,1.584,1.566,0.026,0.018,0.82,-11.24,12.06
0.614,0.596,0.573,0.018,0.023,0.654,0.636,0.613,0.018,0.023,0.694,0.666,0.643,0.028,0.023,0.714,0.696,0.673,0.018,0.023,0.904,0.886,0.863,0.018,0.023,1.164,1.146,1.123,0.018,0.023,1.584,1.566,1.543,0.018,0.023,-11.24,10.82,-22.06
0.596,0.573,0.548,0.023,0.025,0.636,0.613,0.578,0.023,0.035,0.666,0.643,0.618,0.023,0.025,0.696,0.673,0.638,0.023,0.035,0.886,0.863,0.828,0.023,0.035,1.146,1.123,1.088,0.023,0.035,1.566,1.543,1.508,0.023,0.035,10.82,-5.54,16.36
0.573,0.548,0.534,0.025,0.014,0.613,0.578,0.554,0.035,0.024,0.643,0.618,0.594,0.025,0.024,0.673,0.638,0.624,0.035,0.014,0.863,0.828,0.814,0.035,0.014,1.123,1.088,1.074,0.035,0.014,1.543,1.508,1.494,0.035,0.014,-5.54,-15.62,10.08
0.548,0.534,0.511,0.014,0.023,0.578,0.554,0.541,0.024,0.013,0.618,0.594,0.571,0.024,0.023,0.638,0.624,0.601,0.014,0.023,0.828,0.814,0.791,0.014,0.023,1.088,1.074,1.051,0.014,0.023,1.508,1.494,1.471,0.014,0.023,-15.62,-4.02,-11.6
0.534,0.511,0.508,0.023,0.003,0.554,0.541,0.528,0.013,0.013,0.594,0.571,0.568,0.023,0.003,0.624,0.601,0.598,0.023,0.003,0.814,0.791,0.788,0.023,0.003,1.074,1.051,1.048,0.023,0.003,1.494,1.471,1.468,0.023,0.003,-4.02,-5.52,1.5
0.511,0.508,0.5,0.003,0.008,0.541,0.528,0.53,0.013,-0.002,0.571,0.568,0.57,0.003,-0.002,0.601,0.598,0.59,0.003,0.008,0.791,0.788,0.78,0.003,0.008,1.051,1.048,1.04,0.003,0.008,1.471,1.468,1.46,0.003,0.008,-5.52,2.99,-8.51
0.508,0.5,0.502,0.008,-0.002,0.528,0.53,0.532,-0.002,-0.002,0.568,0.57,0.572,-0.002,-0.002,0.598,0.59,0.592,0.008,-0.002,0.788,0.78,0.782,0.008,-0.002,1.048,1.04,1.042,0.008,-0.002,1.468,1.46,1.462,0.008,-0.002,2.99,-11.45,14.44
0.5,0.502,0.51,-0.002,-0.008,0.53,0.532,0.53,-0.002,0.002,0.57,0.572,0.57,-0.002,0.002,0.59,0.592,0.6,-0.002,-0.008,0.78,0.782,0.78,-0.002,0.002,1.04,1.042,1.05,-0.002,-0.008,1.46,1.462,1.46,-0.002,0.002,-11.45,0.38,-11.83
0.502,0.51,0.493,-0.008,0.017,0.532,0.53,0.513,0.002,0.017,0.572,0.57,0.553,0.002,0.017,0.592,0.6,0.583,-0.008,0.017,0.782,0.78,0.763,0.002,0.017,1.042,1.05,1.033,-0.008,0.017,1.462,1.46,1.443,0.002,0.017,0.38,3.53,-3.15
0.51,0.493,0.439,0.017,0.054,0.53,0.513,0.459,0.017,0.054,0.57,0.553,0.499,0.017,0.054,0.6,0.583,0.529,0.017,0.054,0.78,0.763,0.709,0.017,0.054,1.05,1.033,0.979,0.017,0.054,1.46,1.443,1.389,0.017,0.054,3.53,6.97,-3.44
0.493,0.439,0.453,0.054,-0.014,0.513,0.459,0.473,0.054,-0.014,0.553,0.499,0.513,0.054,-0.014,0.583,0.529,0.543,0.054,-0.014,0.763,0.709,0.733,0.054,-0.024,1.033,0.979,0.993,0.054,-0.014,1.443,1.389,1.413,0.054,-0.024,6.97,-8.29,15.26
0.439,0.453,0.437,-0.014,0.016,0.459,0.473,0.457,-0.014,0.016,0.499,0.513,0.497,-0.014,0.016,0.529,0.543,0.527,-0.014,0.016,0.709,0.733,0.717,-0.024,0.016,0.979,0.993,0.977,-0.014,0.016,1.389,1.413,1.397,-0.024,0.016,-8.29,-13.95,5.66
0.453,0.437,0.443,0.016,-0.006,0.473,0.457,0.463,0.016,-0.006,0.513,0.497,0.503,0.016,-0.006,0.543,0.527,0.533,0.016,-0.006,0.733,0.717,0.723,0.016,-0.006,0.993,0.977,0.983,0.016,-0.006,1.413,1.397,1.403,0.016,-0.006,-13.95,2.91,-16.86
0.437,0.443,0.407,-0.006,0.036,0.457,0.463,0.437,-0.006,0.026,0.497,0.503,0.467,-0.006,0.036,0.527,0.533,0.497,-0.006,0.036,0.717,0.723,0.687,-0.006,0.036,0.977,0.983,0.947,-0.006,0.036,1.397,1.403,1.367,-0.006,0.036,2.91,-12.29,15.2
0.443,0.407,0.41,0.036,-0.003,0.463,0.437,0.43,0.026,0.007,0.503,0.467,0.47,0.036,-0.003,0.533,0.497,0.5,0.036,-0.003,0.723,0.687,0.69,0.036,-0.003,0.983,0.947,0.95,0.036,-0.003,1.403,1.367,1.37,0.036,-0.003,-12.29,10.25,-22.54
0.407,0.41,0.36,-0.003,0.05,0.437,0.43,0.38,0.007,0.05,0.467,0.47,0.42,-0.003,0.05,0.497,0.5,0.45,-0.003,0.05,0.687,0.69,0.64,-0.003,0.05,0.947,0.95,0.9,-0.003,0.05,1.367,1.37,1.32,-0.003,0.05,10.25,-2.62,12.87
0.41,0.36,0.321,0.05,0.039,0.43,0.38,0.351,0.05,0.029,0.47,0.42,0.391,0.05,0.029,0.5,0.45,0.411,0.05,0.039,0.69,0.64,0.601,0.05,0.039,0.95,0.9,0.861,0.05,0.039,1.37,1.32,1.281,0.05,0.039,-2.62,-0.11,-2.51
0.36,0.321,0.351,0.039,-0.03,0.38,0.351,0.371,0.029,-0.02,0.42,0.391,0.411,0.029,-0.02,0.45,0.411,0.441,0.039,-0.03,0.64,0.601,0.621,0.039,-0.02,0.9,0.861,0.891,0.039,-0.03,1.32,1.281,1.301,0.039,-0.02,-0.11,-0.11,0
0.321,0.351,0.328,-0.03,0.023,0.351,0.371,0.358,-0.02,0.013,0.391,0.411,0.398,-0.02,0.013,0.411,0.441,0.418,-0.03,0.023,0.601,0.621,0.608,-0.02,0.013,0.861,0.891,0.868,-0.03,0.023,1.281,1.301,1.288,-0.02,0.013,-0.11,19.87,-19.98
0.351,0.328,0.324,0.023,0.004,0.371,0.358,0.354,0.013,0.004,0.411,0.398,0.394,0.013,0.004,0.441,0.418,0.414,0.023,0.004,0.621,0.608,0.604,0.013,0.004,0.891,0.868,0.864,0.023,0.004,1.301,1.288,1.284,0.013,0.004,19.87,25.05,-5.18
0.328,0.324,0.338,0.004,-0.014,0.358,0.354,0.368,0.004,-0.014,0.398,0.394,0.408,0.004,-0.014,0.418,0.414,0.428,0.004,-0.014,0.608,0.604,0.618,0.004,-0.014,0.868,0.864,0.878,0.004,-0.014,1.288,1.284,1.298,0.004,-0.014,25.05,14.55,10.5
0.324,0.338,0.322,-0.014,0.016,0.354,0.368,0.352,-0.014,0.016,0.394,0.408,0.382,-0.014,0.026,0.414,0.428,0.412,-0.014,0.016,0.604,0.618,0.602,-0.014,0.016,0.864,0.878,0.862,-0.014,0.016,1.284,1.298,1.282,-0.014,0.016,14.55,8.05,6.5
0.338,0.322,0.332,0.016,-0.01,0.368,0.352,0.362,0.016,-0.01,0.408,0.382,0.392,0.026,-0.01,0.428,0.412,0.422,0.016,-0.01,0.618,0.602,0.612,0.016,-0.01,0.878,0.862,0.872,0.016,-0.01,1.298,1.282,1.292,0.016,-0.01,8.05,-3.89,11.94
0.322,0.332,0.329,-0.01,0.003,0.352,0.362,0.359,-0.01,0.003,0.382,0.392,0.399,-0.01,-0.007,0.412,0.422,0.419,-0.01,0.003,0.602,0.612,0.609,-0.01,0.003,0.862,0.872,0.869,-0.01,0.003,1.282,1.292,1.289,-0.01,0.003,-3.89,31.82,-35.71
0.332,0.329,0.341,0.003,-0.012,0.362,0.359,0.371,0.003,-0.012,0.392,0.399,0.401,-0.007,-0.002,0.422,0.419,0.431,0.003,-0.012,0.612,0.609,0.621,0.003,-0.012,0.872,0.869,0.881,0.003,-0.012,1.292,1.289,1.301,0.003,-0.012,31.82,16.1,15.72
0.329,0.341,0.33,-0.012,0.011,0.359,0.371,0.36,-0.012,0.011,0.399,0.401,0.4,-0.002,0.001,0.419,0.431,0.42,-0.012,0.011,0.609,0.621,0.61,-0.012,0.011,0.869,0.881,0.87,-0.012,0.011,1.289,1.301,1.29,-0.012,0.011,16.1,-11.58,27.68
0.341,0.33,0.322,0.011,0.008,0.371,0.36,0.342,0.011,0.018,0.401,0.4,0.382,0.001,0.018,0.431,0.42,0.412,0.011,0.008,0.621,0.61,0.602,0.011,0.008,0.881,0.87,0.862,0.011,0.008,1.301,1.29,1.282,0.011,0.008,-11.58,-9.26,-2.32
0.33,0.322,0.316,0.008,0.006,0.36,0.342,0.346,0.018,-0.004,0.4,0.382,0.386,0.018,-0.004,0.42,0.412,0.406,0.008,0.006,0.61,0.602,0.596,0.008,0.006,0.87,0.862,0.856,0.008,0.006,1.29,1.282,1.276,0.008,0.006,-9.26,-9.71,0.45
0.322,0.316,0.326,0.006,-0.01,0.342,0.346,0.346,-0.004,0,0.382,0.386,0.386,-0.004,0,0.412,0.406,0.416,0.006,-0.01,0.602,0.596,0.596,0.006,0,0.862,0.856,0.866,0.006,-0.01,1.282,1.276,1.276,0.006,0,-9.71,-3.4,-6.31
0.316,0.326,0.325,-0.01,0.001,0.346,0.346,0.345,0,0.001,0.386,0.386,0.385,0,0.001,0.406,0.416,0.415,-0.01,0.001,0.596,0.596,0.605,0,-0.009,0.856,0.866,0.865,-0.01,0.001,1.276,1.276,1.285,0,-0.009,-3.4,25.97,-29.37
0.326,0.325,0.329,0.001,-0.004,0.346,0.345,0.359,0.001,-0.014,0.386,0.385,0.399,0.001,-0.014,0.416,0.415,0.419,0.001,-0.004,0.596,0.605,0.609,-0.009,-0.004,0.866,0.865,0.869,0.001,-0.004,1.276,1.285,1.289,-0.009,-0.004,25.97,6.93,19.04
0.325,0.329,0.331,-0.004,-0.002,0.345,0.359,0.361,-0.014,-0.002,0.385,0.399,0.391,-0.014,0.008,0.415,0.419,0.421,-0.004,-0.002,0.605,0.609,0.611,-0.004,-0.002,0.865,0.869,0.871,-0.004,-0.002,1.285,1.289,1.291,-0.004,-0.002,6.93,10.48,-3.55
0.329,0.331,0.328,-0.002,0.003,0.359,0.361,0.358,-0.002,0.003,0.399,0.391,0.398,0.008,-0.007,0.419,0.421,0.418,-0.002,0.003,0.609,0.611,0.608,-0.002,0.003,0.869,0.871,0.868,-0.002,0.003,1.289,1.291,1.288,-0.002,0.003,10.48,-3.93,14.41
0.331,0.328,0.336,0.003,-0.008,0.361,0.358,0.366,0.003,-0.008,0.391,0.398,0.396,-0.007,0.002,0.421,0.418,0.426,0.003,-0.008,0.611,0.608,0.616,0.003,-0.008,0.871,0.868,0.876,0.003,-0.008,1.291,1.288,1.296,0.003,-0.008,-3.93,19.44,-23.37
0.328,0.336,0.326,-0.008,0.01,0.358,0.366,0.346,-0.008,0.02,0.398,0.396,0.386,0.002,0.01,0.418,0.426,0.416,-0.008,0.01,0.608,0.616,0.596,-0.008,0.02,0.868,0.876,0.866,-0.008,0.01,1.288,1.296,1.276,-0.008,0.02,19.44,8.55,10.89
0.336,0.326,0.329,0.01,-0.003,0.366,0.346,0.349,0.02,-0.003,0.396,0.386,0.389,0.01,-0.003,0.426,0.416,0.419,0.01,-0.003,0.616,0.596,0.599,0.02,-0.003,0.876,0.866,0.869,0.01,-0.003,1.296,1.276,1.279,0.02,-0.003,8.55,0.27,8.28
0.326,0.329,0.32,-0.003,0.009,0.346,0.349,0.34,-0.003,0.009,0.386,0.389,0.38,-0.003,0.009,0.416,0.419,0.41,-0.003,0.009,0.596,0.599,0.59,-0.003,0.009,0.866,0.869,0.86,-0.003,0.009,1.276,1.279,1.27,-0.003,0.009,0.27,-0.33,0.6
0.329,0.32,0.33,0.009,-0.01,0.349,0.34,0.35,0.009,-0.01,0.389,0.38,0.39,0.009,-0.01,0.419,0.41,0.42,0.009,-0.01,0.599,0.59,0.6,0.009,-0.01,0.869,0.86,0.87,0.009,-0.01,1.279,1.27,1.28,0.009,-0.01,-0.33,6.35,-6.68
0.32,0.33,0.325,-0.01,0.005,0.34,0.35,0.345,-0.01,0.005,0.38,0.39,0.385,-0.01,0.005,0.41,0.42,0.415,-0.01,0.005,0.59,0.6,0.605,-0.01,-0.005,0.86,0.87,0.865,-0.01,0.005,1.27,1.28,1.285,-0.01,-0.005,6.35,1.84,4.51
0.33,0.325,0.323,0.005,0.002,0.35,0.345,0.343,0.005,0.002,0.39,0.385,0.383,0.005,0.002,0.42,0.415,0.413,0.005,0.002,0.6,0.605,0.603,-0.005,0.002,0.87,0.865,0.863,0.005,0.002,1.28,1.285,1.283,-0.005,0.002,1.84,1.02,0.82
0.325,0.323,0.321,0.002,0.002,0.345,0.343,0.341,0.002,0.002,0.385,0.383,0.381,0.002,0.002,0.415,0.413,0.411,0.002,0.002,0.605,0.603,0.601,0.002,0.002,0.865,0.863,0.861,0.002,0.002,1.285,1.283,1.281,0.002,0.002,1.02,-1.59,2.61
0.323,0.321,0.324,0.002,-0.003,0.343,0.341,0.354,0.002,-0.013,0.383,0.381,0.384,0.002,-0.003,0.413,0.411,0.414,0.002,-0.003,0.603,0.601,0.604,0.002,-0.003,0.863,0.861,0.864,0.002,-0.003,1.283,1.281,1.284,0.002,-0.003,-1.59,-6.66,5.07
0.321,0.324,0.32,-0.003,0.004,0.341,0.354,0.35,-0.013,0.004,0.381,0.384,0.39,-0.003,-0.006,0.411,0.414,0.41,-0.003,0.004,0.601,0.604,0.6,-0.003,0.004,0.861,0.864,0.86,-0.003,0.004,1.281,1.284,1.28,-0.003,0.004,-6.66,-0.33,-6.33
0.324,0.32,0.319,0.004,0.001,0.354,0.35,0.349,0.004,0.001,0.384,0.39,0.379,-0.006,0.011,0.414,0.41,0.409,0.004,0.001,0.604,0.6,0.599,0.004,0.001,0.864,0.86,0.859,0.004,0.001,1.284,1.28,1.279,0.004,0.001,-0.33,3.94,-4.27
0.32,0.319,0.333,0.001,-0.014,0.35,0.349,0.363,0.001,-0.014,0.39,0.379,0.393,0.011,-0.014,0.41,0.409,0.423,0.001,-0.014,0.6,0.599,0.613,0.001,-0.014,0.86,0.859,0.873,0.001,-0.014,1.28,1.279,1.293,0.001,-0.014,3.94,-1.57,5.51
0.319,0.333,0.329,-0.014,0.004,0.349,0.363,0.359,-0.014,0.004,0.379,0.393,0.399,-0.014,-0.006,0.409,0.423,0.429,-0.014,-0.006,0.599,0.613,0.609,-0.014,0.004,0.859,0.873,0.879,-0.014,-0.006,1.279,1.293,1.289,-0.014,0.004,-1.57,-2.3,0.73
0.333,0.329,0.329,0.004,0,0.363,0.359,0.359,0.004,0,0.393,0.399,0.389,-0.006,0.01,0.423,0.429,0.419,-0.006,0.01,0.613,0.609,0.609,0.004,0,0.873,0.879,0.869,-0.006,0.01,1.293,1.289,1.289,0.004,0,-2.3,-0.87,-1.43
0.329,0.329,0.337,0,-0.008,0.359,0.359,0.367,0,-0.008,0.399,0.389,0.397,0.01,-0.008,0.429,0.419,0.427,0.01,-0.008,0.609,0.609,0.617,0,-0.008,0.879,0.869,0.877,0.01,-0.008,1.289,1.289,1.297,0,-0.008,-0.87,-4.81,3.94
0.329,0.337,0.329,-0.008,0.008,0.359,0.367,0.359,-0.008,0.008,0.389,0.397,0.389,-0.008,0.008,0.419,0.427,0.419,-0.008,0.008,0.609,0.617,0.609,-0.008,0.008,0.869,0.877,0.869,-0.008,0.008,1.289,1.297,1.289,-0.008,0.008,-4.81,0.16,-4.97
0.337,0.329,0.32,0.008,0.009,0.367,0.359,0.35,0.008,0.009,0.397,0.389,0.38,0.008,0.009,0.427,0.419,0.41,0.008,0.009,0.617,0.609,0.6,0.008,0.009,0.877,0.869,0.86,0.008,0.009,1.297,1.289,1.28,0.008,0.009,0.16,4.95,-4.79
0.329,0.32,0.328,0.009,-0.008,0.359,0.35,0.348,0.009,0.002,0.389,0.38,0.388,0.009,-0.008,0.419,0.41,0.418,0.009,-0.008,0.609,0.6,0.598,0.009,0.002,0.869,0.86,0.868,0.009,-0.008,1.289,1.28,1.278,0.009,0.002,4.95,8.18,-3.23
0.32,0.328,0.326,-0.008,0.002,0.35,0.348,0.356,0.002,-0.008,0.38,0.388,0.386,-0.008,0.002,0.41,0.418,0.416,-0.008,0.002,0.6,0.598,0.606,0.002,-0.008,0.86,0.868,0.866,-0.008,0.002,1.28,1.278,1.286,0.002,-0.008,8.18,-7.26,15.44
0.328,0.326,0.323,0.002,0.003,0.348,0.356,0.353,-0.008,0.003,0.388,0.386,0.383,0.002,0.003,0.418,0.416,0.413,0.002,0.003,0.598,0.606,0.603,-0.008,0.003,0.868,0.866,0.863,0.002,0.003,1.278,1.286,1.283,-0.008,0.003,-7.26,19.74,-27
0.326,0.323,0.335,0.003,-0.012,0.356,0.353,0.355,0.003,-0.002,0.386,0.383,0.395,0.003,-0.012,0.416,0.413,0.425,0.003,-0.012,0.606,0.603,0.605,0.003,-0.002,0.866,0.863,0.875,0.003,-0.012,1.286,1.283,1.285,0.003,-0.002,19.74,7.07,12.67
0.323,0.335,0.325,-0.012,0.01,0.353,0.355,0.345,-0.002,0.01,0.383,0.395,0.385,-0.012,0.01,0.413,0.425,0.415,-0.012,0.01,0.603,0.605,0.595,-0.002,0.01,0.863,0.875,0.865,-0.012,0.01,1.283,1.285,1.275,-0.002,0.01,7.07,-0.83,7.9
0.335,0.325,0.317,0.01,0.008,0.355,0.345,0.337,0.01,0.008,0.395,0.385,0.377,0.01,0.008,0.425,0.415,0.407,0.01,0.008,0.605,0.595,0.587,0.01,0.008,0.875,0.865,0.857,0.01,0.008,1.285,1.275,1.267,0.01,0.008,-0.83,5.65,-6.48
0.325,0.317,0.324,0.008,-0.007,0.345,0.337,0.354,0.008,-0.017,0.385,0.377,0.384,0.008,-0.007,0.415,0.407,0.414,0.008,-0.007,0.595,0.587,0.604,0.008,-0.017,0.865,0.857,0.864,0.008,-0.007,1.275,1.267,1.284,0.008,-0.017,5.65,0.29,5.36
0.317,0.324,0.329,-0.007,-0.005,0.337,0.354,0.349,-0.017,0.005,0.377,0.384,0.389,-0.007,-0.005,0.407,0.414,0.419,-0.007,-0.005,0.587,0.604,0.599,-0.017,0.005,0.857,0.864,0.869,-0.007,-0.005,1.267,1.284,1.279,-0.017,0.005,0.29,0.15,0.14
0.324,0.329,0.334,-0.005,-0.005,0.354,0.349,0.354,0.005,-0.005,0.384,0.389,0.394,-0.005,-0.005,0.414,0.419,0.424,-0.005,-0.005,0.604,0.599,0.604,0.005,-0.005,0.864,0.869,0.874,-0.005,-0.005,1.284,1.279,1.284,0.005,-0.005,0.15,1.57,-1.42
0.329,0.334,0.332,-0.005,0.002,0.349,0.354,0.352,-0.005,0.002,0.389,0.394,0.382,-0.005,0.012,0.419,0.424,0.412,-0.005,0.012,0.599,0.604,0.602,-0.005,0.002,0.869,0.874,0.862,-0.005,0.012,1.279,1.284,1.282,-0.005,0.002,1.57,-0.3,1.87
0.334,0.332,0.335,0.002,-0.003,0.354,0.352,0.355,0.002,-0.003,0.394,0.382,0.385,0.012,-0.003,0.424,0.412,0.415,0.012,-0.003,0.604,0.602,0.605,0.002,-0.003,0.874,0.862,0.865,0.012,-0.003,1.284,1.282,1.285,0.002,-0.003,-0.3,1.13,-1.43
0.332,0.335,0.334,-0.003,0.001,0.352,0.355,0.364,-0.003,-0.009,0.382,0.385,0.394,-0.003,-0.009,0.412,0.415,0.424,-0.003,-0.009,0.602,0.605,0.614,-0.003,-0.009,0.862,0.865,0.874,-0.003,-0.009,1.282,1.285,1.294,-0.003,-0.009,1.13,3.51,-2.38
0.335,0.334,0.347,0.001,-0.013,0.355,0.364,0.367,-0.009,-0.003,0.385,0.394,0.407,-0.009,-0.013,0.415,0.424,0.437,-0.009,-0.013,0.605,0.614,0.617,-0.009,-0.003,0.865,0.874,0.887,-0.009,-0.013,1.285,1.294,1.297,-0.009,-0.003,3.51,-5.67,9.18
0.334,0.347,0.349,-0.013,-0.002,0.364,0.367,0.369,-0.003,-0.002,0.394,0.407,0.409,-0.013,-0.002,0.424,0.437,0.439,-0.013,-0.002,0.614,0.617,0.619,-0.003,-0.002,0.874,0.887,0.889,-0.013,-0.002,1.294,1.297,1.299,-0.003,-0.002,-5.67,-14.97,9.3
0.347,0.349,0.343,-0.002,0.006,0.367,0.369,0.373,-0.002,-0.004,0.407,0.409,0.403,-0.002,0.006,0.437,0.439,0.433,-0.002,0.006,0.617,0.619,0.623,-0.002,-0.004,0.887,0.889,0.883,-0.002,0.006,1.297,1.299,1.303,-0.002,-0.004,-14.97,5.9,-20.87
0.349,0.343,0.34,0.006,0.003,0.369,0.373,0.37,-0.004,0.003,0.409,0.403,0.4,0.006,0.003,0.439,0.433,0.43,0.006,0.003,0.619,0.623,0.62,-0.004,0.003,0.889,0.883,0.88,0.006,0.003,1.299,1.303,1.3,-0.004,0.003,5.9,5.04,0.86
0.343,0.34,0.343,0.003,-0.003,0.373,0.37,0.363,0.003,0.007,0.403,0.4,0.403,0.003,-0.003,0.433,0.43,0.433,0.003,-0.003,0.623,0.62,0.613,0.003,0.007,0.883,0.88,0.883,0.003,-0.003,1.303,1.3,1.293,0.003,0.007,5.04,0,5.04
0.34,0.343,0.34,-0.003,0.003,0.37,0.363,0.36,0.007,0.003,0.4,0.403,0.4,-0.003,0.003,0.43,0.433,0.43,-0.003,0.003,0.62,0.613,0.61,0.007,0.003,0.88,0.883,0.88,-0.003,0.003,1.3,1.293,1.29,0.007,0.003,0,3.13,-3.13
0.343,0.34,0.35,0.003,-0.01,0.363,0.36,0.37,0.003,-0.01,0.403,0.4,0.4,0.003,0,0.433,0.43,0.43,0.003,0,0.613,0.61,0.62,0.003,-0.01,0.883,0.88,0.88,0.003,0,1.293,1.29,1.3,0.003,-0.01,3.13,3.96,-0.83
0.34,0.35,0.343,-0.01,0.007,0.36,0.37,0.363,-0.01,0.007,0.4,0.4,0.403,0,-0.003,0.43,0.43,0.433,0,-0.003,0.61,0.62,0.613,-0.01,0.007,0.88,0.88,0.883,0,-0.003,1.29,1.3,1.293,-0.01,0.007,3.96,0.14,3.82
0.35,0.343,0.35,0.007,-0.007,0.37,0.363,0.37,0.007,-0.007,0.4,0.403,0.4,-0.003,0.003,0.43,0.433,0.43,-0.003,0.003,0.62,0.613,0.62,0.007,-0.007,0.88,0.883,0.88,-0.003,0.003,1.3,1.293,1.3,0.007,-0.007,0.14,2.46,-2.32
0.343,0.35,0.34,-0.007,0.01,0.363,0.37,0.36,-0.007,0.01,0.403,0.4,0.4,0.003,0,0.433,0.43,0.43,0.003,0,0.613,0.62,0.62,-0.007,0,0.883,0.88,0.88,0.003,0,1.293,1.3,1.3,-0.007,0,2.46,-1.15,3.61
0.35,0.34,0.338,0.01,0.002,0.37,0.36,0.358,0.01,0.002,0.4,0.4,0.398,0,0.002,0.43,0.43,0.428,0,0.002,0.62,0.62,0.618,0,0.002,0.88,0.88,0.878,0,0.002,1.3,1.3,1.298,0,0.002,-1.15,6.8,-7.95
0.34,0.338,0.347,0.002,-0.009,0.36,0.358,0.367,0.002,-0.009,0.4,0.398,0.407,0.002,-0.009,0.43,0.428,0.427,0.002,0.001,0.62,0.618,0.617,0.002,0.001,0.88,0.878,0.877,0.002,0.001,1.3,1.298,1.297,0.002,0.001,6.8,-0.19,6.99
0.338,0.347,0.353,-0.009,-0.006,0.358,0.367,0.373,-0.009,-0.006,0.398,0.407,0.413,-0.009,-0.006,0.428,0.427,0.443,0.001,-0.016,0.618,0.617,0.623,0.001,-0.006,0.878,0.877,0.883,0.001,-0.006,1.298,1.297,1.303,0.001,-0.006,-0.19,1.46,-1.65
0.347,0.353,0.347,-0.006,0.006,0.367,0.373,0.377,-0.006,-0.004,0.407,0.413,0.417,-0.006,-0.004,0.427,0.443,0.447,-0.016,-0.004,0.617,0.623,0.617,-0.006,0.006,0.877,0.883,0.877,-0.006,0.006,1.297,1.303,1.297,-0.006,0.006,1.46,-0.31,1.77
0.353,0.347,0.351,0.006,-0.004,0.373,0.377,0.381,-0.004,-0.004,0.413,0.417,0.411,-0.004,0.006,0.443,0.447,0.441,-0.004,0.006,0.623,0.617,0.621,0.006,-0.004,0.883,0.877,0.881,0.006,-0.004,1.303,1.297,1.301,0.006,-0.004,-0.31,0.166,-0.476
0.347,0.351,0.358,-0.004,-0.007,0.377,0.381,0.378,-0.004,0.003,0.417,0.411,0.418,0.006,-0.007,0.447,0.441,0.448,0.006,-0.007,0.617,0.621,0.618,-0.004,0.003,0.877,0.881,0.878,-0.004,0.003,1.297,1.301,1.298,-0.004,0.003,0.166,1.14,-0.974
0.351,0.358,0.358,-0.007,0,0.381,0.378,0.388,0.003,-0.01,0.411,0.418,0.418,-0.007,0,0.441,0.448,0.448,-0.007,0,0.621,0.618,0.618,0.003,0,0.881,0.878,0.888,0.003,-0.01,1.301,1.298,1.298,0.003,0,1.14,-2.02,3.16
0.358,0.358,0.359,0,-0.001,0.378,0.388,0.389,-0.01,-0.001,0.418,0.418,0.419,0,-0.001,0.448,0.448,0.449,0,-0.001,0.618,0.618,0.619,0,-0.001,0.878,0.888,0.889,-0.01,-0.001,1.298,1.298,1.299,0,-0.001,-2.02,-0.07,-1.95
0.358,0.359,0.36,-0.001,-0.001,0.388,0.389,0.38,-0.001,0.009,0.418,0.419,0.42,-0.001,-0.001,0.448,0.449,0.45,-0.001,-0.001,0.618,0.619,0.62,-0.001,-0.001,0.888,0.889,0.88,-0.001,0.009,1.298,1.299,1.3,-0.001,-0.001,-0.07,0.53,-0.6
0.359,0.36,0.328,-0.001,0.032,0.389,0.38,0.348,0.009,0.032,0.419,0.42,0.388,-0.001,0.032,0.449,0.45,0.428,-0.001,0.022,0.619,0.62,0.588,-0.001,0.032,0.889,0.88,0.848,0.009,0.032,1.299,1.3,1.268,-0.001,0.032,0.53,-2.06,2.59
0.36,0.328,0.33,0.032,-0.002,0.38,0.348,0.36,0.032,-0.012,0.42,0.388,0.39,0.032,-0.002,0.45,0.428,0.42,0.022,0.008,0.62,0.588,0.59,0.032,-0.002,0.88,0.848,0.86,0.032,-0.012,1.3,1.268,1.27,0.032,-0.002,-2.06,-2.16,0.1
0.328,0.33,0.327,-0.002,0.003,0.348,0.36,0.357,-0.012,0.003,0.388,0.39,0.387,-0.002,0.003,0.428,0.42,0.417,0.008,0.003,0.588,0.59,0.587,-0.002,0.003,0.848,0.86,0.857,-0.012,0.003,1.268,1.27,1.267,-0.002,0.003,-2.16,-4.4,2.24
0.33,0.327,0.324,0.003,0.003,0.36,0.357,0.354,0.003,0.003,0.39,0.387,0.384,0.003,0.003,0.42,0.417,0.414,0.003,0.003,0.59,0.587,0.594,0.003,-0.007,0.86,0.857,0.854,0.003,0.003,1.27,1.267,1.274,0.003,-0.007,-4.4,1.25,-5.65
0.327,0.324,0.32,0.003,0.004,0.357,0.354,0.35,0.003,0.004,0.387,0.384,0.39,0.003,-0.006,0.417,0.414,0.42,0.003,-0.006,0.587,0.594,0.59,-0.007,0.004,0.857,0.854,0.85,0.003,0.004,1.267,1.274,1.27,-0.007,0.004,1.25,0.77,0.48
0.324,0.32,0.335,0.004,-0.015,0.354,0.35,0.365,0.004,-0.015,0.384,0.39,0.395,-0.006,-0.005,0.414,0.42,0.425,-0.006,-0.005,0.594,0.59,0.595,0.004,-0.005,0.854,0.85,0.865,0.004,-0.015,1.274,1.27,1.275,0.004,-0.005,0.77,2.15,-1.38
0.32,0.335,0.325,-0.015,0.01,0.35,0.365,0.355,-0.015,0.01,0.39,0.395,0.395,-0.005,0,0.42,0.425,0.425,-0.005,0,0.59,0.595,0.595,-0.005,0,0.85,0.865,0.855,-0.015,0.01,1.27,1.275,1.275,-0.005,0,2.15,0,2.15
0.335,0.325,0.32,0.01,0.005,0.365,0.355,0.35,0.01,0.005,0.395,0.395,0.39,0,0.005,0.425,0.425,0.42,0,0.005,0.595,0.595,0.59,0,0.005,0.865,0.855,0.85,0.01,0.005,1.275,1.275,1.27,0,0.005,0,1.38,-1.38
0.325,0.32,0.314,0.005,0.006,0.355,0.35,0.344,0.005,0.006,0.395,0.39,0.384,0.005,0.006,0.425,0.42,0.414,0.005,0.006,0.595,0.59,0.584,0.005,0.006,0.855,0.85,0.844,0.005,0.006,1.275,1.27,1.264,0.005,0.006,1.38,-0.58,1.96
0.32,0.314,0.315,0.006,-0.001,0.35,0.344,0.345,0.006,-0.001,0.39,0.384,0.375,0.006,0.009,0.42,0.414,0.405,0.006,0.009,0.59,0.584,0.585,0.006,-0.001,0.85,0.844,0.845,0.006,-0.001,1.27,1.264,1.265,0.006,-0.001,-0.58,-2.53,1.95
0.314,0.315,0.315,-0.001,0,0.344,0.345,0.345,-0.001,0,0.384,0.375,0.385,0.009,-0.01,0.414,0.405,0.415,0.009,-0.01,0.584,0.585,0.585,-0.001,0,0.844,0.845,0.845,-0.001,0,1.264,1.265,1.265,-0.001,0,-2.53,2.16,-4.69
0.315,0.315,0.324,0,-0.009,0.345,0.345,0.354,0,-0.009,0.375,0.385,0.384,-0.01,0.001,0.405,0.415,0.414,-0.01,0.001,0.585,0.585,0.584,0,0.001,0.845,0.845,0.854,0,-0.009,1.265,1.265,1.264,0,0.001,2.16,0.22,1.94
0.315,0.324,0.328,-0.009,-0.004,0.345,0.354,0.358,-0.009,-0.004,0.385,0.384,0.388,0.001,-0.004,0.415,0.414,0.418,0.001,-0.004,0.585,0.584,0.598,0.001,-0.014,0.845,0.854,0.858,-0.009,-0.004,1.265,1.264,1.278,0.001,-0.014,0.22,-4.41,4.63
0.324,0.328,0.31,-0.004,0.018,0.354,0.358,0.34,-0.004,0.018,0.384,0.388,0.38,-0.004,0.008,0.414,0.418,0.41,-0.004,0.008,0.584,0.598,0.58,-0.014,0.018,0.854,0.858,0.84,-0.004,0.018,1.264,1.278,1.26,-0.014,0.018,-4.41,2.91,-7.32
0.328,0.31,0.315,0.018,-0.005,0.358,0.34,0.345,0.018,-0.005,0.388,0.38,0.385,0.008,-0.005,0.418,0.41,0.415,0.008,-0.005,0.598,0.58,0.585,0.018,-0.005,0.858,0.84,0.845,0.018,-0.005,1.278,1.26,1.265,0.018,-0.005,2.91,4.36,-1.45
0.31,0.315,0.322,-0.005,-0.007,0.34,0.345,0.352,-0.005,-0.007,0.38,0.385,0.382,-0.005,0.003,0.41,0.415,0.412,-0.005,0.003,0.58,0.585,0.592,-0.005,-0.007,0.84,0.845,0.852,-0.005,-0.007,1.26,1.265,1.272,-0.005,-0.007,4.36,1.35,3.01
0.315,0.322,0.317,-0.007,0.005,0.345,0.352,0.337,-0.007,0.015,0.385,0.382,0.387,0.003,-0.005,0.415,0.412,0.417,0.003,-0.005,0.585,0.592,0.587,-0.007,0.005,0.845,0.852,0.847,-0.007,0.005,1.265,1.272,1.267,-0.007,0.005,1.35,1.75,-0.4
0.322,0.317,0.315,0.005,0.002,0.352,0.337,0.345,0.015,-0.008,0.382,0.387,0.385,-0.005,0.002,0.412,0.417,0.405,-0.005,0.012,0.592,0.587,0.585,0.005,0.002,0.852,0.847,0.845,0.005,0.002,1.272,1.267,1.265,0.005,0.002,1.75,-2.31,4.06
0.317,0.315,0.31,0.002,0.005,0.337,0.345,0.34,-0.008,0.005,0.387,0.385,0.29,0.002,0.095,0.417,0.405,0.4,0.012,0.005,0.587,0.585,0.58,0.002,0.005,0.847,0.845,0.84,0.002,0.005,1.267,1.265,1.26,0.002,0.005,-2.31,-3.1,0.79
0.315,0.31,0.306,0.005,0.004,0.345,0.34,0.336,0.005,0.004,0.385,0.29,0.376,0.095,-0.086,0.405,0.4,0.396,0.005,0.004,0.585,0.58,0.576,0.005,0.004,0.845,0.84,0.836,0.005,0.004,1.265,1.26,1.256,0.005,0.004,-3.1,1.47,-4.57
0.31,0.306,0.32,0.004,-0.014,0.34,0.336,0.35,0.004,-0.014,0.29,0.376,0.39,-0.086,-0.014,0.4,0.396,0.42,0.004,-0.024,0.58,0.576,0.59,0.004,-0.014,0.84,0.836,0.85,0.004,-0.014,1.26,1.256,1.27,0.004,-0.014,1.47,-3.94,5.41
0.306,0.32,0.312,-0.014,0.008,0.336,0.35,0.342,-0.014,0.008,0.376,0.39,0.382,-0.014,0.008,0.396,0.42,0.412,-0.024,0.008,0.576,0.59,0.582,-0.014,0.008,0.836,0.85,0.842,-0.014,0.008,1.256,1.27,1.262,-0.014,0.008,-3.94,3.05,-6.99
0.32,0.312,0.329,0.008,-0.017,0.35,0.342,0.359,0.008,-0.017,0.39,0.382,0.389,0.008,-0.007,0.42,0.412,0.419,0.008,-0.007,0.59,0.582,0.599,0.008,-0.017,0.85,0.842,0.859,0.008,-0.017,1.27,1.262,1.279,0.008,-0.017,3.05,0.07,2.98
0.312,0.329,0.31,-0.017,0.019,0.342,0.359,0.34,-0.017,0.019,0.382,0.389,0.37,-0.007,0.019,0.412,0.419,0.4,-0.007,0.019,0.582,0.599,0.58,-0.017,0.019,0.842,0.859,0.84,-0.017,0.019,1.262,1.279,1.26,-0.017,0.019,0.07,-0.79,0.86
0.329,0.31,0.318,0.019,-0.008,0.359,0.34,0.348,0.019,-0.008,0.389,0.37,0.378,0.019,-0.008,0.419,0.4,0.408,0.019,-0.008,0.599,0.58,0.588,0.019,-0.008,0.859,0.84,0.848,0.019,-0.008,1.279,1.26,1.268,0.019,-0.008,-0.79,3.5,-4.29
0.31,0.318,0.33,-0.008,-0.012,0.34,0.348,0.35,-0.008,-0.002,0.37,0.378,0.39,-0.008,-0.012,0.4,0.408,0.42,-0.008,-0.012,0.58,0.588,0.59,-0.008,-0.002,0.84,0.848,0.86,-0.008,-0.012,1.26,1.268,1.27,-0.008,-0.002,3.5,0.75,2.75
0.318,0.33,0.333,-0.012,-0.003,0.348,0.35,0.353,-0.002,-0.003,0.378,0.39,0.393,-0.012,-0.003,0.408,0.42,0.423,-0.012,-0.003,0.588,0.59,0.593,-0.002,-0.003,0.848,0.86,0.863,-0.012,-0.003,1.268,1.27,1.273,-0.002,-0.003,0.75,0.76,-0.01
0.33,0.333,0.314,-0.003,0.019,0.35,0.353,0.344,-0.003,0.009,0.39,0.393,0.384,-0.003,0.009,0.42,0.423,0.404,-0.003,0.019,0.59,0.593,0.584,-0.003,0.009,0.86,0.863,0.844,-0.003,0.019,1.27,1.273,1.264,-0.003,0.009,0.76,-2.72,3.48
0.333,0.314,0.309,0.019,0.005,0.353,0.344,0.329,0.009,0.015,0.393,0.384,0.369,0.009,0.015,0.423,0.404,0.399,0.019,0.005,0.593,0.584,0.569,0.009,0.015,0.863,0.844,0.839,0.019,0.005,1.273,1.264,1.249,0.009,0.015,-2.72,-1.88,-0.84
0.314,0.309,0.311,0.005,-0.002,0.344,0.329,0.331,0.015,-0.002,0.384,0.369,0.371,0.015,-0.002,0.404,0.399,0.401,0.005,-0.002,0.584,0.569,0.571,0.015,-0.002,0.844,0.839,0.841,0.005,-0.002,1.264,1.249,1.251,0.015,-0.002,-1.88,2.74,-4.62
0.309,0.311,0.327,-0.002,-0.016,0.329,0.331,0.357,-0.002,-0.026,0.369,0.371,0.387,-0.002,-0.016,0.399,0.401,0.417,-0.002,-0.016,0.569,0.571,0.597,-0.002,-0.026,0.839,0.841,0.857,-0.002,-0.016,1.249,1.251,1.277,-0.002,-0.026,2.74,-1.17,3.91
0.311,0.327,0.325,-0.016,0.002,0.331,0.357,0.355,-0.026,0.002,0.371,0.387,0.395,-0.016,-0.008,0.401,0.417,0.425,-0.016,-0.008,0.571,0.597,0.595,-0.026,0.002,0.841,0.857,0.855,-0.016,0.002,1.251,1.277,1.275,-0.026,0.002,-1.17,1.64,-2.81
0.327,0.325,0.324,0.002,0.001,0.357,0.355,0.354,0.002,0.001,0.387,0.395,0.394,-0.008,0.001,0.417,0.425,0.414,-0.008,0.011,0.597,0.595,0.584,0.002,0.011,0.857,0.855,0.854,0.002,0.001,1.277,1.275,1.264,0.002,0.011,1.64,1.67,-0.03
0.325,0.324,0.312,0.001,0.012,0.355,0.354,0.342,0.001,0.012,0.395,0.394,0.382,0.001,0.012,0.425,0.414,0.412,0.011,0.002,0.595,0.584,0.582,0.011,0.002,0.855,0.854,0.842,0.001,0.012,1.275,1.264,1.262,0.011,0.002,1.67,-0.15,1.82
0.324,0.312,0.311,0.012,0.001,0.354,0.342,0.351,0.012,-0.009,0.394,0.382,0.381,0.012,0.001,0.414,0.412,0.411,0.002,0.001,0.584,0.582,0.581,0.002,0.001,0.854,0.842,0.841,0.012,0.001,1.264,1.262,1.261,0.002,0.001,-0.15,0.99,-1.14
0.312,0.311,0.332,0.001,-0.021,0.342,0.351,0.362,-0.009,-0.011,0.382,0.381,0.402,0.001,-0.021,0.412,0.411,0.422,0.001,-0.011,0.582,0.581,0.592,0.001,-0.011,0.842,0.841,0.862,0.001,-0.021,1.262,1.261,1.272,0.001,-0.011,0.99,-5.42,6.41
0.311,0.332,0.325,-0.021,0.007,0.351,0.362,0.355,-0.011,0.007,0.381,0.402,0.395,-0.021,0.007,0.411,0.422,0.425,-0.011,-0.003,0.581,0.592,0.595,-0.011,-0.003,0.841,0.862,0.855,-0.021,0.007,1.261,1.272,1.275,-0.011,-0.003,-5.42,-0.07,-5.35
0.332,0.325,0.325,0.007,0,0.362,0.355,0.365,0.007,-0.01,0.402,0.395,0.395,0.007,0,0.422,0.425,0.425,-0.003,0,0.592,0.595,0.595,-0.003,0,0.862,0.855,0.855,0.007,0,1.272,1.275,1.275,-0.003,0,-0.07,3.82,-3.89
0.325,0.325,0.33,0,-0.005,0.355,0.365,0.36,-0.01,0.005,0.395,0.395,0.4,0,-0.005,0.425,0.425,0.43,0,-0.005,0.595,0.595,0.6,0,-0.005,0.855,0.855,0.86,0,-0.005,1.275,1.275,1.28,0,-0.005,3.82,0.53,3.29
0.325,0.33,0.329,-0.005,0.001,0.365,0.36,0.369,0.005,-0.009,0.395,0.4,0.399,-0.005,0.001,0.425,0.43,0.429,-0.005,0.001,0.595,0.6,0.599,-0.005,0.001,0.855,0.86,0.859,-0.005,0.001,1.275,1.28,1.279,-0.005,0.001,0.53,-3.84,4.37
0.33,0.329,0.329,0.001,0,0.36,0.369,0.359,-0.009,0.01,0.4,0.399,0.399,0.001,0,0.43,0.429,0.429,0.001,0,0.6,0.599,0.599,0.001,0,0.86,0.859,0.859,0.001,0,1.28,1.279,1.279,0.001,0,-3.84,-3.5,-0.34
0.329,0.329,0.319,0,0.01,0.369,0.359,0.359,0.01,0,0.399,0.399,0.389,0,0.01,0.429,0.429,0.419,0,0.01,0.599,0.599,0.589,0,0.01,0.859,0.859,0.849,0,0.01,1.279,1.279,1.269,0,0.01,-3.5,-3.64,0.14
0.329,0.319,0.324,0.01,-0.005,0.359,0.359,0.364,0,-0.005,0.399,0.389,0.394,0.01,-0.005,0.429,0.419,0.424,0.01,-0.005,0.599,0.589,0.594,0.01,-0.005,0.859,0.849,0.854,0.01,-0.005,1.279,1.269,1.274,0.01,-0.005,-3.64,-5.05,1.41
0.319,0.324,0.326,-0.005,-0.002,0.359,0.364,0.356,-0.005,0.008,0.389,0.394,0.396,-0.005,-0.002,0.419,0.424,0.426,-0.005,-0.002,0.589,0.594,0.596,-0.005,-0.002,0.849,0.854,0.856,-0.005,-0.002,1.269,1.274,1.276,-0.005,-0.002,-5.05,1.69,-6.74
0.324,0.326,0.338,-0.002,-0.012,0.364,0.356,0.368,0.008,-0.012,0.394,0.396,0.408,-0.002,-0.012,0.424,0.426,0.428,-0.002,-0.002,0.594,0.596,0.598,-0.002,-0.002,0.854,0.856,0.868,-0.002,-0.012,1.274,1.276,1.278,-0.002,-0.002,1.69,-5.42,7.11
0.326,0.338,0.33,-0.012,0.008,0.356,0.368,0.36,-0.012,0.008,0.396,0.408,0.4,-0.012,0.008,0.426,0.428,0.42,-0.002,0.008,0.596,0.598,0.59,-0.002,0.008,0.856,0.868,0.86,-0.012,0.008,1.276,1.278,1.27,-0.002,0.008,-5.42,-0.37,-5.05
0.338,0.33,0.327,0.008,0.003,0.368,0.36,0.357,0.008,0.003,0.408,0.4,0.397,0.008,0.003,0.428,0.42,0.417,0.008,0.003,0.598,0.59,0.587,0.008,0.003,0.868,0.86,0.857,0.008,0.003,1.278,1.27,1.267,0.008,0.003,-0.37,2.84,-3.21
0.33,0.327,0.327,0.003,0,0.36,0.357,0.357,0.003,0,0.4,0.397,0.397,0.003,0,0.42,0.417,0.417,0.003,0,0.59,0.587,0.587,0.003,0,0.86,0.857,0.857,0.003,0,1.27,1.267,1.267,0.003,0,2.84,6.51,-3.67
0.327,0.327,0.333,0,-0.006,0.357,0.357,0.363,0,-0.006,0.397,0.397,0.403,0,-0.006,0.417,0.417,0.423,0,-0.006,0.587,0.587,0.593,0,-0.006,0.857,0.857,0.863,0,-0.006,1.267,1.267,1.273,0,-0.006,6.51,-1.72,8.23
0.327,0.333,0.329,-0.006,0.004,0.357,0.363,0.359,-0.006,0.004,0.397,0.403,0.399,-0.006,0.004,0.417,0.423,0.429,-0.006,-0.006,0.587,0.593,0.599,-0.006,-0.006,0.857,0.863,0.859,-0.006,0.004,1.267,1.273,1.279,-0.006,-0.006,-1.72,2.02,-3.74
0.333,0.329,0.329,0.004,0,0.363,0.359,0.359,0.004,0,0.403,0.399,0.399,0.004,0,0.423,0.429,0.429,-0.006,0,0.593,0.599,0.599,-0.006,0,0.863,0.859,0.859,0.004,0,1.273,1.279,1.279,-0.006,0,2.02,-1.39,3.41
0.329,0.329,0.326,0,0.003,0.359,0.359,0.366,0,-0.007,0.399,0.399,0.396,0,0.003,0.429,0.429,0.426,0,0.003,0.599,0.599,0.596,0,0.003,0.859,0.859,0.856,0,0.003,1.279,1.279,1.276,0,0.003,-1.39,-3.59,2.2
0.329,0.326,0.325,0.003,0.001,0.359,0.366,0.365,-0.007,0.001,0.399,0.396,0.395,0.003,0.001,0.429,0.426,0.425,0.003,0.001,0.599,0.596,0.595,0.003,0.001,0.859,0.856,0.855,0.003,0.001,1.279,1.276,1.275,0.003,0.001,-3.59,6.33,-9.92
0.326,0.325,0.329,0.001,-0.004,0.366,0.365,0.369,0.001,-0.004,0.396,0.395,0.399,0.001,-0.004,0.426,0.425,0.429,0.001,-0.004,0.596,0.595,0.599,0.001,-0.004,0.856,0.855,0.859,0.001,-0.004,1.276,1.275,1.279,0.001,-0.004,6.33,-0.07,6.4
0.325,0.329,0.328,-0.004,0.001,0.365,0.369,0.358,-0.004,0.011,0.395,0.399,0.398,-0.004,0.001,0.425,0.429,0.428,-0.004,0.001,0.595,0.599,0.588,-0.004,0.011,0.855,0.859,0.848,-0.004,0.011,1.275,1.279,1.268,-0.004,0.011,-0.07,4.4,-4.47
0.329,0.328,0.331,0.001,-0.003,0.369,0.358,0.361,0.011,-0.003,0.399,0.398,0.401,0.001,-0.003,0.429,0.428,0.431,0.001,-0.003,0.599,0.588,0.591,0.011,-0.003,0.859,0.848,0.851,0.011,-0.003,1.279,1.268,1.271,0.011,-0.003,4.4,-1.26,5.66
0.328,0.331,0.321,-0.003,0.01,0.358,0.361,0.361,-0.003,0,0.398,0.401,0.391,-0.003,0.01,0.428,0.431,0.421,-0.003,0.01,0.588,0.591,0.581,-0.003,0.01,0.848,0.851,0.851,-0.003,0,1.268,1.271,1.261,-0.003,0.01,-1.26,-3.39,2.13
0.331,0.321,0.325,0.01,-0.004,0.361,0.361,0.365,0,-0.004,0.401,0.391,0.395,0.01,-0.004,0.431,0.421,0.425,0.01,-0.004,0.591,0.581,0.585,0.01,-0.004,0.851,0.851,0.845,0,0.006,1.271,1.261,1.265,0.01,-0.004,-3.39,0.89,-4.28
0.321,0.325,0.322,-0.004,0.003,0.361,0.365,0.352,-0.004,0.013,0.391,0.395,0.392,-0.004,0.003,0.421,0.425,0.422,-0.004,0.003,0.581,0.585,0.582,-0.004,0.003,0.851,0.845,0.842,0.006,0.003,1.261,1.265,1.262,-0.004,0.003,0.89,1.53,-0.64
0.325,0.322,0.332,0.003,-0.01,0.365,0.352,0.362,0.013,-0.01,0.395,0.392,0.402,0.003,-0.01,0.425,0.422,0.432,0.003,-0.01,0.585,0.582,0.592,0.003,-0.01,0.845,0.842,0.852,0.003,-0.01,1.265,1.262,1.272,0.003,-0.01,1.53,6.74,-5.21
0.322,0.332,0.318,-0.01,0.014,0.352,0.362,0.348,-0.01,0.014,0.392,0.402,0.378,-0.01,0.024,0.422,0.432,0.408,-0.01,0.024,0.582,0.592,0.578,-0.01,0.014,0.842,0.852,0.838,-0.01,0.014,1.262,1.272,1.258,-0.01,0.014,6.74,0.52,6.22
0.332,0.318,0.315,0.014,0.003,0.362,0.348,0.345,0.014,0.003,0.402,0.378,0.385,0.024,-0.007,0.432,0.408,0.415,0.024,-0.007,0.592,0.578,0.575,0.014,0.003,0.852,0.838,0.835,0.014,0.003,1.272,1.258,1.255,0.014,0.003,0.52,-6.54,7.06
0.318,0.315,0.315,0.003,0,0.348,0.345,0.355,0.003,-0.01,0.378,0.385,0.385,-0.007,0,0.408,0.415,0.415,-0.007,0,0.578,0.575,0.585,0.003,-0.01,0.838,0.835,0.845,0.003,-0.01,1.258,1.255,1.265,0.003,-0.01,-6.54,-1.17,-5.37
0.315,0.315,0.301,0,0.014,0.345,0.355,0.331,-0.01,0.024,0.385,0.385,0.371,0,0.014,0.415,0.415,0.401,0,0.014,0.575,0.585,0.561,-0.01,0.024,0.835,0.845,0.831,-0.01,0.014,1.255,1.265,1.241,-0.01,0.024,-1.17,-3.52,2.35
0.315,0.301,0.289,0.014,0.012,0.355,0.331,0.319,0.024,0.012,0.385,0.371,0.359,0.014,0.012,0.415,0.401,0.389,0.014,0.012,0.585,0.561,0.549,0.024,0.012,0.845,0.831,0.819,0.014,0.012,1.265,1.241,1.229,0.024,0.012,-3.52,-5.64,2.12
0.301,0.289,0.292,0.012,-0.003,0.331,0.319,0.322,0.012,-0.003,0.371,0.359,0.362,0.012,-0.003,0.401,0.389,0.392,0.012,-0.003,0.561,0.549,0.552,0.012,-0.003,0.831,0.819,0.822,0.012,-0.003,1.241,1.229,1.232,0.012,-0.003,-5.64,-3.39,-2.25
0.289,0.292,0.297,-0.003,-0.005,0.319,0.322,0.327,-0.003,-0.005,0.359,0.362,0.367,-0.003,-0.005,0.389,0.392,0.397,-0.003,-0.005,0.549,0.552,0.557,-0.003,-0.005,0.819,0.822,0.817,-0.003,0.005,1.229,1.232,1.237,-0.003,-0.005,-3.39,2.35,-5.74
0.292,0.297,0.322,-0.005,-0.025,0.322,0.327,0.362,-0.005,-0.035,0.362,0.367,0.392,-0.005,-0.025,0.392,0.397,0.422,-0.005,-0.025,0.552,0.557,0.592,-0.005,-0.035,0.822,0.817,0.852,0.005,-0.035,1.232,1.237,1.272,-0.005,-0.035,2.35,2.54,-0.19
0.297,0.322,0.283,-0.025,0.039,0.327,0.362,0.323,-0.035,0.039,0.367,0.392,0.353,-0.025,0.039,0.397,0.422,0.383,-0.025,0.039,0.557,0.592,0.553,-0.035,0.039,0.817,0.852,0.813,-0.035,0.039,1.237,1.272,1.233,-0.035,0.039,2.54,-6.31,8.85
0.322,0.283,0.27,0.039,0.013,0.362,0.323,0.31,0.039,0.013,0.392,0.353,0.35,0.039,0.003,0.422,0.383,0.37,0.039,0.013,0.592,0.553,0.54,0.039,0.013,0.852,0.813,0.8,0.039,0.013,1.272,1.233,1.22,0.039,0.013,-6.31,2.13,-8.44
0.283,0.27,0.279,0.013,-0.009,0.323,0.31,0.309,0.013,0.001,0.353,0.35,0.349,0.003,0.001,0.383,0.37,0.379,0.013,-0.009,0.553,0.54,0.539,0.013,0.001,0.813,0.8,0.799,0.013,0.001,1.233,1.22,1.219,0.013,0.001,2.13,-1.2,3.33
0.27,0.279,0.279,-0.009,0,0.31,0.309,0.299,0.001,0.01,0.35,0.349,0.339,0.001,0.01,0.37,0.379,0.369,-0.009,0.01,0.54,0.539,0.529,0.001,0.01,0.8,0.799,0.799,0.001,0,1.22,1.219,1.209,0.001,0.01,-1.2,-3.87,2.67
0.279,0.279,0.261,0,0.018,0.309,0.299,0.291,0.01,0.008,0.349,0.339,0.321,0.01,0.018,0.379,0.369,0.351,0.01,0.018,0.539,0.529,0.521,0.01,0.008,0.799,0.799,0.781,0,0.018,1.219,1.209,1.201,0.01,0.008,-3.87,11.45,-15.32
0.279,0.261,0.27,0.018,-0.009,0.299,0.291,0.3,0.008,-0.009,0.339,0.321,0.33,0.018,-0.009,0.369,0.351,0.36,0.018,-0.009,0.529,0.521,0.53,0.008,-0.009,0.799,0.781,0.79,0.018,-0.009,1.209,1.201,1.21,0.008,-0.009,11.45,2.1,9.35
0.261,0.27,0.284,-0.009,-0.014,0.291,0.3,0.314,-0.009,-0.014,0.321,0.33,0.344,-0.009,-0.014,0.351,0.36,0.374,-0.009,-0.014,0.521,0.53,0.544,-0.009,-0.014,0.781,0.79,0.804,-0.009,-0.014,1.201,1.21,1.224,-0.009,-0.014,2.1,0.33,1.77
0.27,0.284,0.269,-0.014,0.015,0.3,0.314,0.299,-0.014,0.015,0.33,0.344,0.329,-0.014,0.015,0.36,0.374,0.359,-0.014,0.015,0.53,0.544,0.529,-0.014,0.015,0.79,0.804,0.789,-0.014,0.015,1.21,1.224,1.209,-0.014,0.015,0.33,1.27,-0.94
0.284,0.269,0.267,0.015,0.002,0.314,0.299,0.297,0.015,0.002,0.344,0.329,0.327,0.015,0.002,0.374,0.359,0.357,0.015,0.002,0.544,0.529,0.527,0.015,0.002,0.804,0.789,0.787,0.015,0.002,1.224,1.209,1.207,0.015,0.002,1.27,-8.65,9.92
0.269,0.267,0.265,0.002,0.002,0.299,0.297,0.295,0.002,0.002,0.329,0.327,0.325,0.002,0.002,0.359,0.357,0.355,0.002,0.002,0.529,0.527,0.525,0.002,0.002,0.789,0.787,0.785,0.002,0.002,1.209,1.207,1.205,0.002,0.002,-8.65,-3.81,-4.84
0.267,0.265,0.251,0.002,0.014,0.297,0.295,0.281,0.002,0.014,0.327,0.325,0.311,0.002,0.014,0.357,0.355,0.341,0.002,0.014,0.527,0.525,0.511,0.002,0.014,0.787,0.785,0.771,0.002,0.014,1.207,1.205,1.191,0.002,0.014,-3.81,6.03,-9.84
0.265,0.251,0.25,0.014,0.001,0.295,0.281,0.28,0.014,0.001,0.325,0.311,0.31,0.014,0.001,0.355,0.341,0.34,0.014,0.001,0.525,0.511,0.51,0.014,0.001,0.785,0.771,0.77,0.014,0.001,1.205,1.191,1.19,0.014,0.001,6.03,-6.72,12.75
0.251,0.25,0.248,0.001,0.002,0.281,0.28,0.278,0.001,0.002,0.311,0.31,0.308,0.001,0.002,0.341,0.34,0.338,0.001,0.002,0.511,0.51,0.508,0.001,0.002,0.771,0.77,0.768,0.001,0.002,1.191,1.19,1.188,0.001,0.002,-6.72,12.45,-19.17
0.25,0.248,0.244,0.002,0.004,0.28,0.278,0.264,0.002,0.014,0.31,0.308,0.304,0.002,0.004,0.34,0.338,0.324,0.002,0.014,0.51,0.508,0.494,0.002,0.014,0.77,0.768,0.764,0.002,0.004,1.19,1.188,1.174,0.002,0.014,12.45,-3.58,16.03
0.248,0.244,0.245,0.004,-0.001,0.278,0.264,0.275,0.014,-0.011,0.308,0.304,0.305,0.004,-0.001,0.338,0.324,0.335,0.014,-0.011,0.508,0.494,0.515,0.014,-0.021,0.768,0.764,0.775,0.004,-0.011,1.188,1.174,1.195,0.014,-0.021,-3.58,-3.4,-0.18
0.244,0.245,0.237,-0.001,0.008,0.264,0.275,0.267,-0.011,0.008,0.304,0.305,0.297,-0.001,0.008,0.324,0.335,0.327,-0.011,0.008,0.494,0.515,0.507,-0.021,0.008,0.764,0.775,0.767,-0.011,0.008,1.174,1.195,1.187,-0.021,0.008,-3.4,-14.4,11
0.245,0.237,0.247,0.008,-0.01,0.275,0.267,0.277,0.008,-0.01,0.305,0.297,0.307,0.008,-0.01,0.335,0.327,0.337,0.008,-0.01,0.515,0.507,0.507,0.008,0,0.775,0.767,0.777,0.008,-0.01,1.195,1.187,1.187,0.008,0,-14.4,-6.69,-7.71
0.237,0.247,0.238,-0.01,0.009,0.267,0.277,0.268,-0.01,0.009,0.297,0.307,0.298,-0.01,0.009,0.327,0.337,0.328,-0.01,0.009,0.507,0.507,0.508,0,-0.001,0.767,0.777,0.768,-0.01,0.009,1.187,1.187,1.188,0,-0.001,-6.69,8.07,-14.76
0.247,0.238,0.23,0.009,0.008,0.277,0.268,0.26,0.009,0.008,0.307,0.298,0.29,0.009,0.008,0.337,0.328,0.32,0.009,0.008,0.507,0.508,0.49,-0.001,0.018,0.777,0.768,0.75,0.009,0.018,1.187,1.188,1.17,-0.001,0.018,8.07,19.18,-11.11
0.238,0.23,0.231,0.008,-0.001,0.268,0.26,0.261,0.008,-0.001,0.298,0.29,0.291,0.008,-0.001,0.328,0.32,0.321,0.008,-0.001,0.508,0.49,0.491,0.018,-0.001,0.768,0.75,0.761,0.018,-0.011,1.188,1.17,1.171,0.018,-0.001,19.18,5.19,13.99
0.23,0.231,0.228,-0.001,0.003,0.26,0.261,0.258,-0.001,0.003,0.29,0.291,0.288,-0.001,0.003,0.32,0.321,0.318,-0.001,0.003,0.49,0.491,0.488,-0.001,0.003,0.75,0.761,0.758,-0.011,0.003,1.17,1.171,1.168,-0.001,0.003,5.19,-0.46,5.65
0.231,0.228,0.239,0.003,-0.011,0.261,0.258,0.259,0.003,-0.001,0.291,0.288,0.299,0.003,-0.011,0.321,0.318,0.319,0.003,-0.001,0.491,0.488,0.499,0.003,-0.011,0.761,0.758,0.759,0.003,-0.001,1.171,1.168,1.179,0.003,-0.011,-0.46,2.21,-2.67
0.228,0.239,0.234,-0.011,0.005,0.258,0.259,0.264,-0.001,-0.005,0.288,0.299,0.294,-0.011,0.005,0.318,0.319,0.324,-0.001,-0.005,0.488,0.499,0.494,-0.011,0.005,0.758,0.759,0.754,-0.001,0.005,1.168,1.179,1.174,-0.011,0.005,2.21,-0.8,3.01
0.239,0.234,0.232,0.005,0.002,0.259,0.264,0.262,-0.005,0.002,0.299,0.294,0.292,0.005,0.002,0.319,0.324,0.322,-0.005,0.002,0.499,0.494,0.492,0.005,0.002,0.759,0.754,0.752,0.005,0.002,1.179,1.174,1.172,0.005,0.002,-0.8,5.16,-5.96
0.234,0.232,0.228,0.002,0.004,0.264,0.262,0.248,0.002,0.014,0.294,0.292,0.288,0.002,0.004,0.324,0.322,0.308,0.002,0.014,0.494,0.492,0.488,0.002,0.004,0.754,0.752,0.748,0.002,0.004,1.174,1.172,1.168,0.002,0.004,5.16,1.77,3.39
0.232,0.228,0.239,0.004,-0.011,0.262,0.248,0.259,0.014,-0.011,0.292,0.288,0.299,0.004,-0.011,0.322,0.308,0.319,0.014,-0.011,0.492,0.488,0.499,0.004,-0.011,0.752,0.748,0.759,0.004,-0.011,1.172,1.168,1.179,0.004,-0.011,1.77,2.47,-0.7
0.228,0.239,0.241,-0.011,-0.002,0.248,0.259,0.271,-0.011,-0.012,0.288,0.299,0.301,-0.011,-0.002,0.308,0.319,0.331,-0.011,-0.012,0.488,0.499,0.511,-0.011,-0.012,0.748,0.759,0.771,-0.011,-0.012,1.168,1.179,1.191,-0.011,-0.012,2.47,4.48,-2.01
0.239,0.241,0.247,-0.002,-0.006,0.259,0.271,0.277,-0.012,-0.006,0.299,0.301,0.307,-0.002,-0.006,0.319,0.331,0.337,-0.012,-0.006,0.499,0.511,0.507,-0.012,0.004,0.759,0.771,0.767,-0.012,0.004,1.179,1.191,1.187,-0.012,0.004,4.48,-3.73,8.21
0.241,0.247,0.253,-0.006,-0.006,0.271,0.277,0.283,-0.006,-0.006,0.301,0.307,0.313,-0.006,-0.006,0.331,0.337,0.343,-0.006,-0.006,0.511,0.507,0.523,0.004,-0.016,0.771,0.767,0.783,0.004,-0.016,1.191,1.187,1.203,0.004,-0.016,-3.73,4.27,-8
0.247,0.253,0.265,-0.006,-0.012,0.277,0.283,0.285,-0.006,-0.002,0.307,0.313,0.325,-0.006,-0.012,0.337,0.343,0.345,-0.006,-0.002,0.507,0.523,0.525,-0.016,-0.002,0.767,0.783,0.785,-0.016,-0.002,1.187,1.203,1.205,-0.016,-0.002,4.27,-5,9.27
0.253,0.265,0.251,-0.012,0.014,0.283,0.285,0.281,-0.002,0.004,0.313,0.325,0.311,-0.012,0.014,0.343,0.345,0.341,-0.002,0.004,0.523,0.525,0.511,-0.002,0.014,0.783,0.785,0.781,-0.002,0.004,1.203,1.205,1.191,-0.002,0.014,-5,5.83,-10.83
0.265,0.251,0.249,0.014,0.002,0.285,0.281,0.279,0.004,0.002,0.325,0.311,0.309,0.014,0.002,0.345,0.341,0.339,0.004,0.002,0.525,0.511,0.519,0.014,-0.008,0.785,0.781,0.779,0.004,0.002,1.205,1.191,1.199,0.014,-0.008,5.83,3.74,2.09
0.251,0.249,0.256,0.002,-0.007,0.281,0.279,0.286,0.002,-0.007,0.311,0.309,0.316,0.002,-0.007,0.341,0.339,0.346,0.002,-0.007,0.511,0.519,0.516,-0.008,0.003,0.781,0.779,0.776,0.002,0.003,1.191,1.199,1.196,-0.008,0.003,3.74,-3.53,7.27
0.249,0.256,0.246,-0.007,0.01,0.279,0.286,0.276,-0.007,0.01,0.309,0.316,0.306,-0.007,0.01,0.339,0.346,0.336,-0.007,0.01,0.519,0.516,0.516,0.003,0,0.779,0.776,0.776,0.003,0,1.199,1.196,1.196,0.003,0,-3.53,1.72,-5.25
0.256,0.246,0.251,0.01,-0.005,0.286,0.276,0.281,0.01,-0.005,0.316,0.306,0.311,0.01,-0.005,0.346,0.336,0.341,0.01,-0.005,0.516,0.516,0.521,0,-0.005,0.776,0.776,0.781,0,-0.005,1.196,1.196,1.201,0,-0.005,1.72,-8.24,9.96
0.246,0.251,0.252,-0.005,-0.001,0.276,0.281,0.282,-0.005,-0.001,0.306,0.311,0.312,-0.005,-0.001,0.336,0.341,0.342,-0.005,-0.001,0.516,0.521,0.522,-0.005,-0.001,0.776,0.781,0.782,-0.005,-0.001,1.196,1.201,1.202,-0.005,-0.001,-8.24,-4.58,-3.66
0.251,0.252,0.256,-0.001,-0.004,0.281,0.282,0.286,-0.001,-0.004,0.311,0.312,0.316,-0.001,-0.004,0.341,0.342,0.346,-0.001,-0.004,0.521,0.522,0.526,-0.001,-0.004,0.781,0.782,0.786,-0.001,-0.004,1.201,1.202,1.206,-0.001,-0.004,-4.58,1.39,-5.97
0.252,0.256,0.258,-0.004,-0.002,0.282,0.286,0.288,-0.004,-0.002,0.312,0.316,0.318,-0.004,-0.002,0.342,0.346,0.348,-0.004,-0.002,0.522,0.526,0.518,-0.004,0.008,0.782,0.786,0.788,-0.004,-0.002,1.202,1.206,1.198,-0.004,0.008,1.39,-0.35,1.74
0.256,0.258,0.257,-0.002,0.001,0.286,0.288,0.287,-0.002,0.001,0.316,0.318,0.317,-0.002,0.001,0.346,0.348,0.347,-0.002,0.001,0.526,0.518,0.527,0.008,-0.009,0.786,0.788,0.787,-0.002,0.001,1.206,1.198,1.207,0.008,-0.009,-0.35,10.03,-10.38
0.258,0.257,0.254,0.001,0.003,0.288,0.287,0.274,0.001,0.013,0.318,0.317,0.304,0.001,0.013,0.348,0.347,0.334,0.001,0.013,0.518,0.527,0.524,-0.009,0.003,0.788,0.787,0.784,0.001,0.003,1.198,1.207,1.204,-0.009,0.003,10.03,0.08,9.95
0.257,0.254,0.241,0.003,0.013,0.287,0.274,0.271,0.013,0.003,0.317,0.304,0.301,0.013,0.003,0.347,0.334,0.331,0.013,0.003,0.527,0.524,0.521,0.003,0.003,0.787,0.784,0.781,0.003,0.003,1.207,1.204,1.201,0.003,0.003,0.08,-2.59,2.67
0.254,0.241,0.247,0.013,-0.006,0.274,0.271,0.267,0.003,0.004,0.304,0.301,0.297,0.003,0.004,0.334,0.331,0.327,0.003,0.004,0.524,0.521,0.527,0.003,-0.006,0.784,0.781,0.787,0.003,-0.006,1.204,1.201,1.207,0.003,-0.006,-2.59,0.67,-3.26
0.241,0.247,0.251,-0.006,-0.004,0.271,0.267,0.271,0.004,-0.004,0.301,0.297,0.301,0.004,-0.004,0.331,0.327,0.331,0.004,-0.004,0.521,0.527,0.531,-0.006,-0.004,0.781,0.787,0.791,-0.006,-0.004,1.201,1.207,1.211,-0.006,-0.004,0.67,-4.42,5.09
0.247,0.251,0.238,-0.004,0.013,0.267,0.271,0.258,-0.004,0.013,0.297,0.301,0.288,-0.004,0.013,0.327,0.331,0.318,-0.004,0.013,0.527,0.531,0.518,-0.004,0.013,0.787,0.791,0.778,-0.004,0.013,1.207,1.211,1.198,-0.004,0.013,-4.42,-2.77,-1.65
0.251,0.238,0.246,0.013,-0.008,0.271,0.258,0.266,0.013,-0.008,0.301,0.288,0.296,0.013,-0.008,0.331,0.318,0.326,0.013,-0.008,0.531,0.518,0.516,0.013,0.002,0.791,0.778,0.786,0.013,-0.008,1.211,1.198,1.196,0.013,0.002,-2.77,3.52,-6.29
0.238,0.246,0.234,-0.008,0.012,0.258,0.266,0.264,-0.008,0.002,0.288,0.296,0.294,-0.008,0.002,0.318,0.326,0.324,-0.008,0.002,0.518,0.516,0.514,0.002,0.002,0.778,0.786,0.774,-0.008,0.012,1.198,1.196,1.194,0.002,0.002,3.52,-0.78,4.3
0.246,0.234,0.252,0.012,-0.018,0.266,0.264,0.272,0.002,-0.008,0.296,0.294,0.312,0.002,-0.018,0.326,0.324,0.332,0.002,-0.008,0.516,0.514,0.532,0.002,-0.018,0.786,0.774,0.792,0.012,-0.018,1.196,1.194,1.212,0.002,-0.018,-0.78,-0.28,-0.5
0.234,0.252,0.25,-0.018,0.002,0.264,0.272,0.27,-0.008,0.002,0.294,0.312,0.31,-0.018,0.002,0.324,0.332,0.33,-0.008,0.002,0.514,0.532,0.53,-0.018,0.002,0.774,0.792,0.79,-0.018,0.002,1.194,1.212,1.21,-0.018,0.002,-0.28,0.71,-0.99
0.252,0.25,0.25,0.002,0,0.272,0.27,0.28,0.002,-0.01,0.312,0.31,0.31,0.002,0,0.332,0.33,0.34,0.002,-0.01,0.532,0.53,0.53,0.002,0,0.792,0.79,0.79,0.002,0,1.212,1.21,1.21,0.002,0,0.71,1.6,-0.89
0.25,0.25,0.25,0,0,0.27,0.28,0.27,-0.01,0.01,0.31,0.31,0.31,0,0,0.33,0.34,0.33,-0.01,0.01,0.53,0.53,0.53,0,0,0.79,0.79,0.79,0,0,1.21,1.21,1.21,0,0,1.6,0.73,0.87
