AAAt,AAAt-1,delta_AAA,AA+t,AA+t-1,delta_AA+,AAt,AAt-1,delta_AA,AA-t,AA-t-1,delta_AA-,A+t,A+t-1,delta_A+,At,At-1,delta_A,A-t,A-t-1,delta_A-,volatility_t,volatility_t-1,delta_v
0.536,0.541,-0.005,0.676,0.681,-0.005,0.716,0.721,-0.005,0.756,0.761,-0.005,0.946,0.951,-0.005,1.206,1.211,-0.005,1.626,1.631,-0.005,0.63,4.04,-3.41
0.541,0.544,-0.003,0.681,0.684,-0.003,0.721,0.724,-0.003,0.761,0.764,-0.003,0.951,0.954,-0.003,1.211,1.214,-0.003,1.631,1.634,-0.003,4.04,-7.34,11.38
0.544,0.544,0,0.684,0.674,0.01,0.724,0.714,0.01,0.764,0.754,0.01,0.954,0.944,0.01,1.214,1.204,0.01,1.634,1.624,0.01,-7.34,-5.25,-2.09
0.544,0.544,0,0.674,0.674,0,0.714,0.724,-0.01,0.754,0.764,-0.01,0.944,0.944,0,1.204,1.214,-0.01,1.624,1.624,0,-5.25,1.95,-7.2
0.544,0.536,0.008,0.674,0.666,0.008,0.724,0.716,0.008,0.764,0.756,0.008,0.944,0.936,0.008,1.214,1.206,0.008,1.624,1.616,0.008,1.95,-8.11,10.06
0.536,0.544,-0.008,0.666,0.664,0.002,0.716,0.704,0.012,0.756,0.744,0.012,0.936,0.934,0.002,1.206,1.194,0.012,1.616,1.614,0.002,-8.11,-1.57,-6.54
0.544,0.56,-0.016,0.664,0.67,-0.006,0.704,0.71,-0.006,0.744,0.75,-0.006,0.934,0.94,-0.006,1.194,1.2,-0.006,1.614,1.62,-0.006,-1.57,-12.51,10.94
0.56,0.555,0.005,0.67,0.665,0.005,0.71,0.715,-0.005,0.75,0.745,0.005,0.94,0.935,0.005,1.2,1.195,0.005,1.62,1.615,0.005,-12.51,19.17,-31.68
0.555,0.564,-0.009,0.665,0.674,-0.009,0.715,0.714,0.001,0.745,0.754,-0.009,0.935,0.944,-0.009,1.195,1.204,-0.009,1.615,1.624,-0.009,19.17,-6.53,25.7
0.564,0.557,0.007,0.674,0.667,0.007,0.714,0.707,0.007,0.754,0.747,0.007,0.944,0.937,0.007,1.204,1.197,0.007,1.624,1.617,0.007,-6.53,-7.14,0.61
0.557,0.564,-0.007,0.667,0.664,0.003,0.707,0.714,-0.007,0.747,0.754,-0.007,0.937,0.934,0.003,1.197,1.204,-0.007,1.617,1.614,0.003,-7.14,-6.37,-0.77
0.564,0.562,0.002,0.664,0.662,0.002,0.714,0.702,0.012,0.754,0.742,0.012,0.934,0.932,0.002,1.204,1.192,0.012,1.614,1.612,0.002,-6.37,8.94,-15.31
0.562,0.564,-0.002,0.662,0.664,-0.002,0.702,0.704,-0.002,0.742,0.744,-0.002,0.932,0.934,-0.002,1.192,1.194,-0.002,1.612,1.614,-0.002,8.94,-5.72,14.66
0.564,0.574,-0.01,0.664,0.674,-0.01,0.704,0.714,-0.01,0.744,0.744,0,0.934,0.934,0,1.194,1.194,0,1.614,1.614,0,-5.72,0.05,-5.77
0.574,0.585,-0.011,0.674,0.675,-0.001,0.714,0.715,-0.001,0.744,0.745,-0.001,0.934,0.935,-0.001,1.194,1.195,-0.001,1.614,1.615,-0.001,0.05,9.73,-9.68
0.585,0.587,-0.002,0.675,0.687,-0.012,0.715,0.717,-0.002,0.745,0.747,-0.002,0.935,0.937,-0.002,1.195,1.197,-0.002,1.615,1.617,-0.002,9.73,5.88,3.85
0.587,0.594,-0.007,0.687,0.684,0.003,0.717,0.724,-0.007,0.747,0.754,-0.007,0.937,0.934,0.003,1.197,1.204,-0.007,1.617,1.614,0.003,5.88,-9.71,15.59
0.594,0.608,-0.014,0.684,0.688,-0.004,0.724,0.728,-0.004,0.754,0.758,-0.004,0.934,0.938,-0.004,1.204,1.208,-0.004,1.614,1.618,-0.004,-9.71,-3.39,-6.32
0.608,0.604,0.004,0.688,0.684,0.004,0.728,0.724,0.004,0.758,0.754,0.004,0.938,0.934,0.004,1.208,1.204,0.004,1.618,1.614,0.004,-3.39,-9.2,5.81
0.604,0.604,0,0.684,0.684,0,0.724,0.724,0,0.754,0.744,0.01,0.934,0.934,0,1.204,1.194,0.01,1.614,1.614,0,-9.2,10.74,-19.94
0.604,0.6,0.004,0.684,0.68,0.004,0.724,0.72,0.004,0.744,0.75,-0.006,0.934,0.93,0.004,1.194,1.2,-0.006,1.614,1.61,0.004,10.74,0.82,9.92
0.6,0.614,-0.014,0.68,0.654,0.026,0.72,0.694,0.026,0.75,0.714,0.036,0.93,0.904,0.026,1.2,1.164,0.036,1.61,1.584,0.026,0.82,-11.24,12.06
0.614,0.596,0.018,0.654,0.636,0.018,0.694,0.666,0.028,0.714,0.696,0.018,0.904,0.886,0.018,1.164,1.146,0.018,1.584,1.566,0.018,-11.24,10.82,-22.06
0.596,0.573,0.023,0.636,0.613,0.023,0.666,0.643,0.023,0.696,0.673,0.023,0.886,0.863,0.023,1.146,1.123,0.023,1.566,1.543,0.023,10.82,-5.54,16.36
0.573,0.548,0.025,0.613,0.578,0.035,0.643,0.618,0.025,0.673,0.638,0.035,0.863,0.828,0.035,1.123,1.088,0.035,1.543,1.508,0.035,-5.54,-15.62,10.08
0.548,0.534,0.014,0.578,0.554,0.024,0.618,0.594,0.024,0.638,0.624,0.014,0.828,0.814,0.014,1.088,1.074,0.014,1.508,1.494,0.014,-15.62,-4.02,-11.6
0.534,0.511,0.023,0.554,0.541,0.013,0.594,0.571,0.023,0.624,0.601,0.023,0.814,0.791,0.023,1.074,1.051,0.023,1.494,1.471,0.023,-4.02,-5.52,1.5
0.511,0.508,0.003,0.541,0.528,0.013,0.571,0.568,0.003,0.601,0.598,0.003,0.791,0.788,0.003,1.051,1.048,0.003,1.471,1.468,0.003,-5.52,2.99,-8.51
0.508,0.5,0.008,0.528,0.53,-0.002,0.568,0.57,-0.002,0.598,0.59,0.008,0.788,0.78,0.008,1.048,1.04,0.008,1.468,1.46,0.008,2.99,-11.45,14.44
0.5,0.502,-0.002,0.53,0.532,-0.002,0.57,0.572,-0.002,0.59,0.592,-0.002,0.78,0.782,-0.002,1.04,1.042,-0.002,1.46,1.462,-0.002,-11.45,0.38,-11.83
0.502,0.51,-0.008,0.532,0.53,0.002,0.572,0.57,0.002,0.592,0.6,-0.008,0.782,0.78,0.002,1.042,1.05,-0.008,1.462,1.46,0.002,0.38,3.53,-3.15
0.51,0.493,0.017,0.53,0.513,0.017,0.57,0.553,0.017,0.6,0.583,0.017,0.78,0.763,0.017,1.05,1.033,0.017,1.46,1.443,0.017,3.53,6.97,-3.44
0.493,0.439,0.054,0.513,0.459,0.054,0.553,0.499,0.054,0.583,0.529,0.054,0.763,0.709,0.054,1.033,0.979,0.054,1.443,1.389,0.054,6.97,-8.29,15.26
0.439,0.453,-0.014,0.459,0.473,-0.014,0.499,0.513,-0.014,0.529,0.543,-0.014,0.709,0.733,-0.024,0.979,0.993,-0.014,1.389,1.413,-0.024,-8.29,-13.95,5.66
0.453,0.437,0.016,0.473,0.457,0.016,0.513,0.497,0.016,0.543,0.527,0.016,0.733,0.717,0.016,0.993,0.977,0.016,1.413,1.397,0.016,-13.95,2.91,-16.86
0.437,0.443,-0.006,0.457,0.463,-0.006,0.497,0.503,-0.006,0.527,0.533,-0.006,0.717,0.723,-0.006,0.977,0.983,-0.006,1.397,1.403,-0.006,2.91,-12.29,15.2
0.443,0.407,0.036,0.463,0.437,0.026,0.503,0.467,0.036,0.533,0.497,0.036,0.723,0.687,0.036,0.983,0.947,0.036,1.403,1.367,0.036,-12.29,10.25,-22.54
0.407,0.41,-0.003,0.437,0.43,0.007,0.467,0.47,-0.003,0.497,0.5,-0.003,0.687,0.69,-0.003,0.947,0.95,-0.003,1.367,1.37,-0.003,10.25,-2.62,12.87
0.41,0.36,0.05,0.43,0.38,0.05,0.47,0.42,0.05,0.5,0.45,0.05,0.69,0.64,0.05,0.95,0.9,0.05,1.37,1.32,0.05,-2.62,-0.11,-2.51
0.36,0.321,0.039,0.38,0.351,0.029,0.42,0.391,0.029,0.45,0.411,0.039,0.64,0.601,0.039,0.9,0.861,0.039,1.32,1.281,0.039,-0.11,-0.11,0
0.321,0.351,-0.03,0.351,0.371,-0.02,0.391,0.411,-0.02,0.411,0.441,-0.03,0.601,0.621,-0.02,0.861,0.891,-0.03,1.281,1.301,-0.02,-0.11,19.87,-19.98
0.351,0.328,0.023,0.371,0.358,0.013,0.411,0.398,0.013,0.441,0.418,0.023,0.621,0.608,0.013,0.891,0.868,0.023,1.301,1.288,0.013,19.87,25.05,-5.18
0.328,0.324,0.004,0.358,0.354,0.004,0.398,0.394,0.004,0.418,0.414,0.004,0.608,0.604,0.004,0.868,0.864,0.004,1.288,1.284,0.004,25.05,14.55,10.5
0.324,0.338,-0.014,0.354,0.368,-0.014,0.394,0.408,-0.014,0.414,0.428,-0.014,0.604,0.618,-0.014,0.864,0.878,-0.014,1.284,1.298,-0.014,14.55,8.05,6.5
0.338,0.322,0.016,0.368,0.352,0.016,0.408,0.382,0.026,0.428,0.412,0.016,0.618,0.602,0.016,0.878,0.862,0.016,1.298,1.282,0.016,8.05,-3.89,11.94
0.322,0.332,-0.01,0.352,0.362,-0.01,0.382,0.392,-0.01,0.412,0.422,-0.01,0.602,0.612,-0.01,0.862,0.872,-0.01,1.282,1.292,-0.01,-3.89,31.82,-35.71
0.332,0.329,0.003,0.362,0.359,0.003,0.392,0.399,-0.007,0.422,0.419,0.003,0.612,0.609,0.003,0.872,0.869,0.003,1.292,1.289,0.003,31.82,16.1,15.72
0.329,0.341,-0.012,0.359,0.371,-0.012,0.399,0.401,-0.002,0.419,0.431,-0.012,0.609,0.621,-0.012,0.869,0.881,-0.012,1.289,1.301,-0.012,16.1,-11.58,27.68
0.341,0.33,0.011,0.371,0.36,0.011,0.401,0.4,0.001,0.431,0.42,0.011,0.621,0.61,0.011,0.881,0.87,0.011,1.301,1.29,0.011,-11.58,-9.26,-2.32
0.33,0.322,0.008,0.36,0.342,0.018,0.4,0.382,0.018,0.42,0.412,0.008,0.61,0.602,0.008,0.87,0.862,0.008,1.29,1.282,0.008,-9.26,-9.71,0.45
0.322,0.316,0.006,0.342,0.346,-0.004,0.382,0.386,-0.004,0.412,0.406,0.006,0.602,0.596,0.006,0.862,0.856,0.006,1.282,1.276,0.006,-9.71,-3.4,-6.31
0.316,0.326,-0.01,0.346,0.346,0,0.386,0.386,0,0.406,0.416,-0.01,0.596,0.596,0,0.856,0.866,-0.01,1.276,1.276,0,-3.4,25.97,-29.37
0.326,0.325,0.001,0.346,0.345,0.001,0.386,0.385,0.001,0.416,0.415,0.001,0.596,0.605,-0.009,0.866,0.865,0.001,1.276,1.285,-0.009,25.97,6.93,19.04
0.325,0.329,-0.004,0.345,0.359,-0.014,0.385,0.399,-0.014,0.415,0.419,-0.004,0.605,0.609,-0.004,0.865,0.869,-0.004,1.285,1.289,-0.004,6.93,10.48,-3.55
0.329,0.331,-0.002,0.359,0.361,-0.002,0.399,0.391,0.008,0.419,0.421,-0.002,0.609,0.611,-0.002,0.869,0.871,-0.002,1.289,1.291,-0.002,10.48,-3.93,14.41
0.331,0.328,0.003,0.361,0.358,0.003,0.391,0.398,-0.007,0.421,0.418,0.003,0.611,0.608,0.003,0.871,0.868,0.003,1.291,1.288,0.003,-3.93,19.44,-23.37
0.328,0.336,-0.008,0.358,0.366,-0.008,0.398,0.396,0.002,0.418,0.426,-0.008,0.608,0.616,-0.008,0.868,0.876,-0.008,1.288,1.296,-0.008,19.44,8.55,10.89
0.336,0.326,0.01,0.366,0.346,0.02,0.396,0.386,0.01,0.426,0.416,0.01,0.616,0.596,0.02,0.876,0.866,0.01,1.296,1.276,0.02,8.55,0.27,8.28
0.326,0.329,-0.003,0.346,0.349,-0.003,0.386,0.389,-0.003,0.416,0.419,-0.003,0.596,0.599,-0.003,0.866,0.869,-0.003,1.276,1.279,-0.003,0.27,-0.33,0.6
0.329,0.32,0.009,0.349,0.34,0.009,0.389,0.38,0.009,0.419,0.41,0.009,0.599,0.59,0.009,0.869,0.86,0.009,1.279,1.27,0.009,-0.33,6.35,-6.68
0.32,0.33,-0.01,0.34,0.35,-0.01,0.38,0.39,-0.01,0.41,0.42,-0.01,0.59,0.6,-0.01,0.86,0.87,-0.01,1.27,1.28,-0.01,6.35,1.84,4.51
0.33,0.325,0.005,0.35,0.345,0.005,0.39,0.385,0.005,0.42,0.415,0.005,0.6,0.605,-0.005,0.87,0.865,0.005,1.28,1.285,-0.005,1.84,1.02,0.82
0.325,0.323,0.002,0.345,0.343,0.002,0.385,0.383,0.002,0.415,0.413,0.002,0.605,0.603,0.002,0.865,0.863,0.002,1.285,1.283,0.002,1.02,-1.59,2.61
0.323,0.321,0.002,0.343,0.341,0.002,0.383,0.381,0.002,0.413,0.411,0.002,0.603,0.601,0.002,0.863,0.861,0.002,1.283,1.281,0.002,-1.59,-6.66,5.07
0.321,0.324,-0.003,0.341,0.354,-0.013,0.381,0.384,-0.003,0.411,0.414,-0.003,0.601,0.604,-0.003,0.861,0.864,-0.003,1.281,1.284,-0.003,-6.66,-0.33,-6.33
0.324,0.32,0.004,0.354,0.35,0.004,0.384,0.39,-0.006,0.414,0.41,0.004,0.604,0.6,0.004,0.864,0.86,0.004,1.284,1.28,0.004,-0.33,3.94,-4.27
0.32,0.319,0.001,0.35,0.349,0.001,0.39,0.379,0.011,0.41,0.409,0.001,0.6,0.599,0.001,0.86,0.859,0.001,1.28,1.279,0.001,3.94,-1.57,5.51
0.319,0.333,-0.014,0.349,0.363,-0.014,0.379,0.393,-0.014,0.409,0.423,-0.014,0.599,0.613,-0.014,0.859,0.873,-0.014,1.279,1.293,-0.014,-1.57,-2.3,0.73
0.333,0.329,0.004,0.363,0.359,0.004,0.393,0.399,-0.006,0.423,0.429,-0.006,0.613,0.609,0.004,0.873,0.879,-0.006,1.293,1.289,0.004,-2.3,-0.87,-1.43
0.329,0.329,0,0.359,0.359,0,0.399,0.389,0.01,0.429,0.419,0.01,0.609,0.609,0,0.879,0.869,0.01,1.289,1.289,0,-0.87,-4.81,3.94
0.329,0.337,-0.008,0.359,0.367,-0.008,0.389,0.397,-0.008,0.419,0.427,-0.008,0.609,0.617,-0.008,0.869,0.877,-0.008,1.289,1.297,-0.008,-4.81,0.16,-4.97
0.337,0.329,0.008,0.367,0.359,0.008,0.397,0.389,0.008,0.427,0.419,0.008,0.617,0.609,0.008,0.877,0.869,0.008,1.297,1.289,0.008,0.16,4.95,-4.79
0.329,0.32,0.009,0.359,0.35,0.009,0.389,0.38,0.009,0.419,0.41,0.009,0.609,0.6,0.009,0.869,0.86,0.009,1.289,1.28,0.009,4.95,8.18,-3.23
0.32,0.328,-0.008,0.35,0.348,0.002,0.38,0.388,-0.008,0.41,0.418,-0.008,0.6,0.598,0.002,0.86,0.868,-0.008,1.28,1.278,0.002,8.18,-7.26,15.44
0.328,0.326,0.002,0.348,0.356,-0.008,0.388,0.386,0.002,0.418,0.416,0.002,0.598,0.606,-0.008,0.868,0.866,0.002,1.278,1.286,-0.008,-7.26,19.74,-27
0.326,0.323,0.003,0.356,0.353,0.003,0.386,0.383,0.003,0.416,0.413,0.003,0.606,0.603,0.003,0.866,0.863,0.003,1.286,1.283,0.003,19.74,7.07,12.67
0.323,0.335,-0.012,0.353,0.355,-0.002,0.383,0.395,-0.012,0.413,0.425,-0.012,0.603,0.605,-0.002,0.863,0.875,-0.012,1.283,1.285,-0.002,7.07,-0.83,7.9
0.335,0.325,0.01,0.355,0.345,0.01,0.395,0.385,0.01,0.425,0.415,0.01,0.605,0.595,0.01,0.875,0.865,0.01,1.285,1.275,0.01,-0.83,5.65,-6.48
0.325,0.317,0.008,0.345,0.337,0.008,0.385,0.377,0.008,0.415,0.407,0.008,0.595,0.587,0.008,0.865,0.857,0.008,1.275,1.267,0.008,5.65,0.29,5.36
0.317,0.324,-0.007,0.337,0.354,-0.017,0.377,0.384,-0.007,0.407,0.414,-0.007,0.587,0.604,-0.017,0.857,0.864,-0.007,1.267,1.284,-0.017,0.29,0.15,0.14
0.324,0.329,-0.005,0.354,0.349,0.005,0.384,0.389,-0.005,0.414,0.419,-0.005,0.604,0.599,0.005,0.864,0.869,-0.005,1.284,1.279,0.005,0.15,1.57,-1.42
0.329,0.334,-0.005,0.349,0.354,-0.005,0.389,0.394,-0.005,0.419,0.424,-0.005,0.599,0.604,-0.005,0.869,0.874,-0.005,1.279,1.284,-0.005,1.57,-0.3,1.87
0.334,0.332,0.002,0.354,0.352,0.002,0.394,0.382,0.012,0.424,0.412,0.012,0.604,0.602,0.002,0.874,0.862,0.012,1.284,1.282,0.002,-0.3,1.13,-1.43
0.332,0.335,-0.003,0.352,0.355,-0.003,0.382,0.385,-0.003,0.412,0.415,-0.003,0.602,0.605,-0.003,0.862,0.865,-0.003,1.282,1.285,-0.003,1.13,3.51,-2.38
0.335,0.334,0.001,0.355,0.364,-0.009,0.385,0.394,-0.009,0.415,0.424,-0.009,0.605,0.614,-0.009,0.865,0.874,-0.009,1.285,1.294,-0.009,3.51,-5.67,9.18
0.334,0.347,-0.013,0.364,0.367,-0.003,0.394,0.407,-0.013,0.424,0.437,-0.013,0.614,0.617,-0.003,0.874,0.887,-0.013,1.294,1.297,-0.003,-5.67,-14.97,9.3
0.347,0.349,-0.002,0.367,0.369,-0.002,0.407,0.409,-0.002,0.437,0.439,-0.002,0.617,0.619,-0.002,0.887,0.889,-0.002,1.297,1.299,-0.002,-14.97,5.9,-20.87
0.349,0.343,0.006,0.369,0.373,-0.004,0.409,0.403,0.006,0.439,0.433,0.006,0.619,0.623,-0.004,0.889,0.883,0.006,1.299,1.303,-0.004,5.9,5.04,0.86
0.343,0.34,0.003,0.373,0.37,0.003,0.403,0.4,0.003,0.433,0.43,0.003,0.623,0.62,0.003,0.883,0.88,0.003,1.303,1.3,0.003,5.04,0,5.04
0.34,0.343,-0.003,0.37,0.363,0.007,0.4,0.403,-0.003,0.43,0.433,-0.003,0.62,0.613,0.007,0.88,0.883,-0.003,1.3,1.293,0.007,0,3.13,-3.13
0.343,0.34,0.003,0.363,0.36,0.003,0.403,0.4,0.003,0.433,0.43,0.003,0.613,0.61,0.003,0.883,0.88,0.003,1.293,1.29,0.003,3.13,3.96,-0.83
0.34,0.35,-0.01,0.36,0.37,-0.01,0.4,0.4,0,0.43,0.43,0,0.61,0.62,-0.01,0.88,0.88,0,1.29,1.3,-0.01,3.96,0.14,3.82
0.35,0.343,0.007,0.37,0.363,0.007,0.4,0.403,-0.003,0.43,0.433,-0.003,0.62,0.613,0.007,0.88,0.883,-0.003,1.3,1.293,0.007,0.14,2.46,-2.32
0.343,0.35,-0.007,0.363,0.37,-0.007,0.403,0.4,0.003,0.433,0.43,0.003,0.613,0.62,-0.007,0.883,0.88,0.003,1.293,1.3,-0.007,2.46,-1.15,3.61
0.35,0.34,0.01,0.37,0.36,0.01,0.4,0.4,0,0.43,0.43,0,0.62,0.62,0,0.88,0.88,0,1.3,1.3,0,-1.15,6.8,-7.95
0.34,0.338,0.002,0.36,0.358,0.002,0.4,0.398,0.002,0.43,0.428,0.002,0.62,0.618,0.002,0.88,0.878,0.002,1.3,1.298,0.002,6.8,-0.19,6.99
0.338,0.347,-0.009,0.358,0.367,-0.009,0.398,0.407,-0.009,0.428,0.427,0.001,0.618,0.617,0.001,0.878,0.877,0.001,1.298,1.297,0.001,-0.19,1.46,-1.65
0.347,0.353,-0.006,0.367,0.373,-0.006,0.407,0.413,-0.006,0.427,0.443,-0.016,0.617,0.623,-0.006,0.877,0.883,-0.006,1.297,1.303,-0.006,1.46,-0.31,1.77
0.353,0.347,0.006,0.373,0.377,-0.004,0.413,0.417,-0.004,0.443,0.447,-0.004,0.623,0.617,0.006,0.883,0.877,0.006,1.303,1.297,0.006,-0.31,0.166,-0.476
0.347,0.351,-0.004,0.377,0.381,-0.004,0.417,0.411,0.006,0.447,0.441,0.006,0.617,0.621,-0.004,0.877,0.881,-0.004,1.297,1.301,-0.004,0.166,1.14,-0.974
0.351,0.358,-0.007,0.381,0.378,0.003,0.411,0.418,-0.007,0.441,0.448,-0.007,0.621,0.618,0.003,0.881,0.878,0.003,1.301,1.298,0.003,1.14,-2.02,3.16
0.358,0.358,0,0.378,0.388,-0.01,0.418,0.418,0,0.448,0.448,0,0.618,0.618,0,0.878,0.888,-0.01,1.298,1.298,0,-2.02,-0.07,-1.95
0.358,0.359,-0.001,0.388,0.389,-0.001,0.418,0.419,-0.001,0.448,0.449,-0.001,0.618,0.619,-0.001,0.888,0.889,-0.001,1.298,1.299,-0.001,-0.07,0.53,-0.6
0.359,0.36,-0.001,0.389,0.38,0.009,0.419,0.42,-0.001,0.449,0.45,-0.001,0.619,0.62,-0.001,0.889,0.88,0.009,1.299,1.3,-0.001,0.53,-2.06,2.59
0.36,0.328,0.032,0.38,0.348,0.032,0.42,0.388,0.032,0.45,0.428,0.022,0.62,0.588,0.032,0.88,0.848,0.032,1.3,1.268,0.032,-2.06,-2.16,0.1
0.328,0.33,-0.002,0.348,0.36,-0.012,0.388,0.39,-0.002,0.428,0.42,0.008,0.588,0.59,-0.002,0.848,0.86,-0.012,1.268,1.27,-0.002,-2.16,-4.4,2.24
0.33,0.327,0.003,0.36,0.357,0.003,0.39,0.387,0.003,0.42,0.417,0.003,0.59,0.587,0.003,0.86,0.857,0.003,1.27,1.267,0.003,-4.4,1.25,-5.65
0.327,0.324,0.003,0.357,0.354,0.003,0.387,0.384,0.003,0.417,0.414,0.003,0.587,0.594,-0.007,0.857,0.854,0.003,1.267,1.274,-0.007,1.25,0.77,0.48
0.324,0.32,0.004,0.354,0.35,0.004,0.384,0.39,-0.006,0.414,0.42,-0.006,0.594,0.59,0.004,0.854,0.85,0.004,1.274,1.27,0.004,0.77,2.15,-1.38
0.32,0.335,-0.015,0.35,0.365,-0.015,0.39,0.395,-0.005,0.42,0.425,-0.005,0.59,0.595,-0.005,0.85,0.865,-0.015,1.27,1.275,-0.005,2.15,0,2.15
0.335,0.325,0.01,0.365,0.355,0.01,0.395,0.395,0,0.425,0.425,0,0.595,0.595,0,0.865,0.855,0.01,1.275,1.275,0,0,1.38,-1.38
0.325,0.32,0.005,0.355,0.35,0.005,0.395,0.39,0.005,0.425,0.42,0.005,0.595,0.59,0.005,0.855,0.85,0.005,1.275,1.27,0.005,1.38,-0.58,1.96
0.32,0.314,0.006,0.35,0.344,0.006,0.39,0.384,0.006,0.42,0.414,0.006,0.59,0.584,0.006,0.85,0.844,0.006,1.27,1.264,0.006,-0.58,-2.53,1.95
0.314,0.315,-0.001,0.344,0.345,-0.001,0.384,0.375,0.009,0.414,0.405,0.009,0.584,0.585,-0.001,0.844,0.845,-0.001,1.264,1.265,-0.001,-2.53,2.16,-4.69
0.315,0.315,0,0.345,0.345,0,0.375,0.385,-0.01,0.405,0.415,-0.01,0.585,0.585,0,0.845,0.845,0,1.265,1.265,0,2.16,0.22,1.94
0.315,0.324,-0.009,0.345,0.354,-0.009,0.385,0.384,0.001,0.415,0.414,0.001,0.585,0.584,0.001,0.845,0.854,-0.009,1.265,1.264,0.001,0.22,-4.41,4.63
0.324,0.328,-0.004,0.354,0.358,-0.004,0.384,0.388,-0.004,0.414,0.418,-0.004,0.584,0.598,-0.014,0.854,0.858,-0.004,1.264,1.278,-0.014,-4.41,2.91,-7.32
0.328,0.31,0.018,0.358,0.34,0.018,0.388,0.38,0.008,0.418,0.41,0.008,0.598,0.58,0.018,0.858,0.84,0.018,1.278,1.26,0.018,2.91,4.36,-1.45
0.31,0.315,-0.005,0.34,0.345,-0.005,0.38,0.385,-0.005,0.41,0.415,-0.005,0.58,0.585,-0.005,0.84,0.845,-0.005,1.26,1.265,-0.005,4.36,1.35,3.01
0.315,0.322,-0.007,0.345,0.352,-0.007,0.385,0.382,0.003,0.415,0.412,0.003,0.585,0.592,-0.007,0.845,0.852,-0.007,1.265,1.272,-0.007,1.35,1.75,-0.4
0.322,0.317,0.005,0.352,0.337,0.015,0.382,0.387,-0.005,0.412,0.417,-0.005,0.592,0.587,0.005,0.852,0.847,0.005,1.272,1.267,0.005,1.75,-2.31,4.06
0.317,0.315,0.002,0.337,0.345,-0.008,0.387,0.385,0.002,0.417,0.405,0.012,0.587,0.585,0.002,0.847,0.845,0.002,1.267,1.265,0.002,-2.31,-3.1,0.79
0.315,0.31,0.005,0.345,0.34,0.005,0.385,0.29,0.095,0.405,0.4,0.005,0.585,0.58,0.005,0.845,0.84,0.005,1.265,1.26,0.005,-3.1,1.47,-4.57
0.31,0.306,0.004,0.34,0.336,0.004,0.29,0.376,-0.086,0.4,0.396,0.004,0.58,0.576,0.004,0.84,0.836,0.004,1.26,1.256,0.004,1.47,-3.94,5.41
0.306,0.32,-0.014,0.336,0.35,-0.014,0.376,0.39,-0.014,0.396,0.42,-0.024,0.576,0.59,-0.014,0.836,0.85,-0.014,1.256,1.27,-0.014,-3.94,3.05,-6.99
0.32,0.312,0.008,0.35,0.342,0.008,0.39,0.382,0.008,0.42,0.412,0.008,0.59,0.582,0.008,0.85,0.842,0.008,1.27,1.262,0.008,3.05,0.07,2.98
0.312,0.329,-0.017,0.342,0.359,-0.017,0.382,0.389,-0.007,0.412,0.419,-0.007,0.582,0.599,-0.017,0.842,0.859,-0.017,1.262,1.279,-0.017,0.07,-0.79,0.86
0.329,0.31,0.019,0.359,0.34,0.019,0.389,0.37,0.019,0.419,0.4,0.019,0.599,0.58,0.019,0.859,0.84,0.019,1.279,1.26,0.019,-0.79,3.5,-4.29
0.31,0.318,-0.008,0.34,0.348,-0.008,0.37,0.378,-0.008,0.4,0.408,-0.008,0.58,0.588,-0.008,0.84,0.848,-0.008,1.26,1.268,-0.008,3.5,0.75,2.75
0.318,0.33,-0.012,0.348,0.35,-0.002,0.378,0.39,-0.012,0.408,0.42,-0.012,0.588,0.59,-0.002,0.848,0.86,-0.012,1.268,1.27,-0.002,0.75,0.76,-0.01
0.33,0.333,-0.003,0.35,0.353,-0.003,0.39,0.393,-0.003,0.42,0.423,-0.003,0.59,0.593,-0.003,0.86,0.863,-0.003,1.27,1.273,-0.003,0.76,-2.72,3.48
0.333,0.314,0.019,0.353,0.344,0.009,0.393,0.384,0.009,0.423,0.404,0.019,0.593,0.584,0.009,0.863,0.844,0.019,1.273,1.264,0.009,-2.72,-1.88,-0.84
0.314,0.309,0.005,0.344,0.329,0.015,0.384,0.369,0.015,0.404,0.399,0.005,0.584,0.569,0.015,0.844,0.839,0.005,1.264,1.249,0.015,-1.88,2.74,-4.62
0.309,0.311,-0.002,0.329,0.331,-0.002,0.369,0.371,-0.002,0.399,0.401,-0.002,0.569,0.571,-0.002,0.839,0.841,-0.002,1.249,1.251,-0.002,2.74,-1.17,3.91
0.311,0.327,-0.016,0.331,0.357,-0.026,0.371,0.387,-0.016,0.401,0.417,-0.016,0.571,0.597,-0.026,0.841,0.857,-0.016,1.251,1.277,-0.026,-1.17,1.64,-2.81
0.327,0.325,0.002,0.357,0.355,0.002,0.387,0.395,-0.008,0.417,0.425,-0.008,0.597,0.595,0.002,0.857,0.855,0.002,1.277,1.275,0.002,1.64,1.67,-0.03
0.325,0.324,0.001,0.355,0.354,0.001,0.395,0.394,0.001,0.425,0.414,0.011,0.595,0.584,0.011,0.855,0.854,0.001,1.275,1.264,0.011,1.67,-0.15,1.82
0.324,0.312,0.012,0.354,0.342,0.012,0.394,0.382,0.012,0.414,0.412,0.002,0.584,0.582,0.002,0.854,0.842,0.012,1.264,1.262,0.002,-0.15,0.99,-1.14
0.312,0.311,0.001,0.342,0.351,-0.009,0.382,0.381,0.001,0.412,0.411,0.001,0.582,0.581,0.001,0.842,0.841,0.001,1.262,1.261,0.001,0.99,-5.42,6.41
0.311,0.332,-0.021,0.351,0.362,-0.011,0.381,0.402,-0.021,0.411,0.422,-0.011,0.581,0.592,-0.011,0.841,0.862,-0.021,1.261,1.272,-0.011,-5.42,-0.07,-5.35
0.332,0.325,0.007,0.362,0.355,0.007,0.402,0.395,0.007,0.422,0.425,-0.003,0.592,0.595,-0.003,0.862,0.855,0.007,1.272,1.275,-0.003,-0.07,3.82,-3.89
0.325,0.325,0,0.355,0.365,-0.01,0.395,0.395,0,0.425,0.425,0,0.595,0.595,0,0.855,0.855,0,1.275,1.275,0,3.82,0.53,3.29
0.325,0.33,-0.005,0.365,0.36,0.005,0.395,0.4,-0.005,0.425,0.43,-0.005,0.595,0.6,-0.005,0.855,0.86,-0.005,1.275,1.28,-0.005,0.53,-3.84,4.37
0.33,0.329,0.001,0.36,0.369,-0.009,0.4,0.399,0.001,0.43,0.429,0.001,0.6,0.599,0.001,0.86,0.859,0.001,1.28,1.279,0.001,-3.84,-3.5,-0.34
0.329,0.329,0,0.369,0.359,0.01,0.399,0.399,0,0.429,0.429,0,0.599,0.599,0,0.859,0.859,0,1.279,1.279,0,-3.5,-3.64,0.14
0.329,0.319,0.01,0.359,0.359,0,0.399,0.389,0.01,0.429,0.419,0.01,0.599,0.589,0.01,0.859,0.849,0.01,1.279,1.269,0.01,-3.64,-5.05,1.41
0.319,0.324,-0.005,0.359,0.364,-0.005,0.389,0.394,-0.005,0.419,0.424,-0.005,0.589,0.594,-0.005,0.849,0.854,-0.005,1.269,1.274,-0.005,-5.05,1.69,-6.74
0.324,0.326,-0.002,0.364,0.356,0.008,0.394,0.396,-0.002,0.424,0.426,-0.002,0.594,0.596,-0.002,0.854,0.856,-0.002,1.274,1.276,-0.002,1.69,-5.42,7.11
0.326,0.338,-0.012,0.356,0.368,-0.012,0.396,0.408,-0.012,0.426,0.428,-0.002,0.596,0.598,-0.002,0.856,0.868,-0.012,1.276,1.278,-0.002,-5.42,-0.37,-5.05
0.338,0.33,0.008,0.368,0.36,0.008,0.408,0.4,0.008,0.428,0.42,0.008,0.598,0.59,0.008,0.868,0.86,0.008,1.278,1.27,0.008,-0.37,2.84,-3.21
0.33,0.327,0.003,0.36,0.357,0.003,0.4,0.397,0.003,0.42,0.417,0.003,0.59,0.587,0.003,0.86,0.857,0.003,1.27,1.267,0.003,2.84,6.51,-3.67
0.327,0.327,0,0.357,0.357,0,0.397,0.397,0,0.417,0.417,0,0.587,0.587,0,0.857,0.857,0,1.267,1.267,0,6.51,-1.72,8.23
0.327,0.333,-0.006,0.357,0.363,-0.006,0.397,0.403,-0.006,0.417,0.423,-0.006,0.587,0.593,-0.006,0.857,0.863,-0.006,1.267,1.273,-0.006,-1.72,2.02,-3.74
0.333,0.329,0.004,0.363,0.359,0.004,0.403,0.399,0.004,0.423,0.429,-0.006,0.593,0.599,-0.006,0.863,0.859,0.004,1.273,1.279,-0.006,2.02,-1.39,3.41
0.329,0.329,0,0.359,0.359,0,0.399,0.399,0,0.429,0.429,0,0.599,0.599,0,0.859,0.859,0,1.279,1.279,0,-1.39,-3.59,2.2
0.329,0.326,0.003,0.359,0.366,-0.007,0.399,0.396,0.003,0.429,0.426,0.003,0.599,0.596,0.003,0.859,0.856,0.003,1.279,1.276,0.003,-3.59,6.33,-9.92
0.326,0.325,0.001,0.366,0.365,0.001,0.396,0.395,0.001,0.426,0.425,0.001,0.596,0.595,0.001,0.856,0.855,0.001,1.276,1.275,0.001,6.33,-0.07,6.4
0.325,0.329,-0.004,0.365,0.369,-0.004,0.395,0.399,-0.004,0.425,0.429,-0.004,0.595,0.599,-0.004,0.855,0.859,-0.004,1.275,1.279,-0.004,-0.07,4.4,-4.47
0.329,0.328,0.001,0.369,0.358,0.011,0.399,0.398,0.001,0.429,0.428,0.001,0.599,0.588,0.011,0.859,0.848,0.011,1.279,1.268,0.011,4.4,-1.26,5.66
0.328,0.331,-0.003,0.358,0.361,-0.003,0.398,0.401,-0.003,0.428,0.431,-0.003,0.588,0.591,-0.003,0.848,0.851,-0.003,1.268,1.271,-0.003,-1.26,-3.39,2.13
0.331,0.321,0.01,0.361,0.361,0,0.401,0.391,0.01,0.431,0.421,0.01,0.591,0.581,0.01,0.851,0.851,0,1.271,1.261,0.01,-3.39,0.89,-4.28
0.321,0.325,-0.004,0.361,0.365,-0.004,0.391,0.395,-0.004,0.421,0.425,-0.004,0.581,0.585,-0.004,0.851,0.845,0.006,1.261,1.265,-0.004,0.89,1.53,-0.64
0.325,0.322,0.003,0.365,0.352,0.013,0.395,0.392,0.003,0.425,0.422,0.003,0.585,0.582,0.003,0.845,0.842,0.003,1.265,1.262,0.003,1.53,6.74,-5.21
0.322,0.332,-0.01,0.352,0.362,-0.01,0.392,0.402,-0.01,0.422,0.432,-0.01,0.582,0.592,-0.01,0.842,0.852,-0.01,1.262,1.272,-0.01,6.74,0.52,6.22
0.332,0.318,0.014,0.362,0.348,0.014,0.402,0.378,0.024,0.432,0.408,0.024,0.592,0.578,0.014,0.852,0.838,0.014,1.272,1.258,0.014,0.52,-6.54,7.06
0.318,0.315,0.003,0.348,0.345,0.003,0.378,0.385,-0.007,0.408,0.415,-0.007,0.578,0.575,0.003,0.838,0.835,0.003,1.258,1.255,0.003,-6.54,-1.17,-5.37
0.315,0.315,0,0.345,0.355,-0.01,0.385,0.385,0,0.415,0.415,0,0.575,0.585,-0.01,0.835,0.845,-0.01,1.255,1.265,-0.01,-1.17,-3.52,2.35
0.315,0.301,0.014,0.355,0.331,0.024,0.385,0.371,0.014,0.415,0.401,0.014,0.585,0.561,0.024,0.845,0.831,0.014,1.265,1.241,0.024,-3.52,-5.64,2.12
0.301,0.289,0.012,0.331,0.319,0.012,0.371,0.359,0.012,0.401,0.389,0.012,0.561,0.549,0.012,0.831,0.819,0.012,1.241,1.229,0.012,-5.64,-3.39,-2.25
0.289,0.292,-0.003,0.319,0.322,-0.003,0.359,0.362,-0.003,0.389,0.392,-0.003,0.549,0.552,-0.003,0.819,0.822,-0.003,1.229,1.232,-0.003,-3.39,2.35,-5.74
0.292,0.297,-0.005,0.322,0.327,-0.005,0.362,0.367,-0.005,0.392,0.397,-0.005,0.552,0.557,-0.005,0.822,0.817,0.005,1.232,1.237,-0.005,2.35,2.54,-0.19
0.297,0.322,-0.025,0.327,0.362,-0.035,0.367,0.392,-0.025,0.397,0.422,-0.025,0.557,0.592,-0.035,0.817,0.852,-0.035,1.237,1.272,-0.035,2.54,-6.31,8.85
0.322,0.283,0.039,0.362,0.323,0.039,0.392,0.353,0.039,0.422,0.383,0.039,0.592,0.553,0.039,0.852,0.813,0.039,1.272,1.233,0.039,-6.31,2.13,-8.44
0.283,0.27,0.013,0.323,0.31,0.013,0.353,0.35,0.003,0.383,0.37,0.013,0.553,0.54,0.013,0.813,0.8,0.013,1.233,1.22,0.013,2.13,-1.2,3.33
0.27,0.279,-0.009,0.31,0.309,0.001,0.35,0.349,0.001,0.37,0.379,-0.009,0.54,0.539,0.001,0.8,0.799,0.001,1.22,1.219,0.001,-1.2,-3.87,2.67
0.279,0.279,0,0.309,0.299,0.01,0.349,0.339,0.01,0.379,0.369,0.01,0.539,0.529,0.01,0.799,0.799,0,1.219,1.209,0.01,-3.87,11.45,-15.32
0.279,0.261,0.018,0.299,0.291,0.008,0.339,0.321,0.018,0.369,0.351,0.018,0.529,0.521,0.008,0.799,0.781,0.018,1.209,1.201,0.008,11.45,2.1,9.35
0.261,0.27,-0.009,0.291,0.3,-0.009,0.321,0.33,-0.009,0.351,0.36,-0.009,0.521,0.53,-0.009,0.781,0.79,-0.009,1.201,1.21,-0.009,2.1,0.33,1.77
0.27,0.284,-0.014,0.3,0.314,-0.014,0.33,0.344,-0.014,0.36,0.374,-0.014,0.53,0.544,-0.014,0.79,0.804,-0.014,1.21,1.224,-0.014,0.33,1.27,-0.94
0.284,0.269,0.015,0.314,0.299,0.015,0.344,0.329,0.015,0.374,0.359,0.015,0.544,0.529,0.015,0.804,0.789,0.015,1.224,1.209,0.015,1.27,-8.65,9.92
0.269,0.267,0.002,0.299,0.297,0.002,0.329,0.327,0.002,0.359,0.357,0.002,0.529,0.527,0.002,0.789,0.787,0.002,1.209,1.207,0.002,-8.65,-3.81,-4.84
0.267,0.265,0.002,0.297,0.295,0.002,0.327,0.325,0.002,0.357,0.355,0.002,0.527,0.525,0.002,0.787,0.785,0.002,1.207,1.205,0.002,-3.81,6.03,-9.84
0.265,0.251,0.014,0.295,0.281,0.014,0.325,0.311,0.014,0.355,0.341,0.014,0.525,0.511,0.014,0.785,0.771,0.014,1.205,1.191,0.014,6.03,-6.72,12.75
0.251,0.25,0.001,0.281,0.28,0.001,0.311,0.31,0.001,0.341,0.34,0.001,0.511,0.51,0.001,0.771,0.77,0.001,1.191,1.19,0.001,-6.72,12.45,-19.17
0.25,0.248,0.002,0.28,0.278,0.002,0.31,0.308,0.002,0.34,0.338,0.002,0.51,0.508,0.002,0.77,0.768,0.002,1.19,1.188,0.002,12.45,-3.58,16.03
0.248,0.244,0.004,0.278,0.264,0.014,0.308,0.304,0.004,0.338,0.324,0.014,0.508,0.494,0.014,0.768,0.764,0.004,1.188,1.174,0.014,-3.58,-3.4,-0.18
0.244,0.245,-0.001,0.264,0.275,-0.011,0.304,0.305,-0.001,0.324,0.335,-0.011,0.494,0.515,-0.021,0.764,0.775,-0.011,1.174,1.195,-0.021,-3.4,-14.4,11
0.245,0.237,0.008,0.275,0.267,0.008,0.305,0.297,0.008,0.335,0.327,0.008,0.515,0.507,0.008,0.775,0.767,0.008,1.195,1.187,0.008,-14.4,-6.69,-7.71
0.237,0.247,-0.01,0.267,0.277,-0.01,0.297,0.307,-0.01,0.327,0.337,-0.01,0.507,0.507,0,0.767,0.777,-0.01,1.187,1.187,0,-6.69,8.07,-14.76
0.247,0.238,0.009,0.277,0.268,0.009,0.307,0.298,0.009,0.337,0.328,0.009,0.507,0.508,-0.001,0.777,0.768,0.009,1.187,1.188,-0.001,8.07,19.18,-11.11
0.238,0.23,0.008,0.268,0.26,0.008,0.298,0.29,0.008,0.328,0.32,0.008,0.508,0.49,0.018,0.768,0.75,0.018,1.188,1.17,0.018,19.18,5.19,13.99
0.23,0.231,-0.001,0.26,0.261,-0.001,0.29,0.291,-0.001,0.32,0.321,-0.001,0.49,0.491,-0.001,0.75,0.761,-0.011,1.17,1.171,-0.001,5.19,-0.46,5.65
0.231,0.228,0.003,0.261,0.258,0.003,0.291,0.288,0.003,0.321,0.318,0.003,0.491,0.488,0.003,0.761,0.758,0.003,1.171,1.168,0.003,-0.46,2.21,-2.67
0.228,0.239,-0.011,0.258,0.259,-0.001,0.288,0.299,-0.011,0.318,0.319,-0.001,0.488,0.499,-0.011,0.758,0.759,-0.001,1.168,1.179,-0.011,2.21,-0.8,3.01
0.239,0.234,0.005,0.259,0.264,-0.005,0.299,0.294,0.005,0.319,0.324,-0.005,0.499,0.494,0.005,0.759,0.754,0.005,1.179,1.174,0.005,-0.8,5.16,-5.96
0.234,0.232,0.002,0.264,0.262,0.002,0.294,0.292,0.002,0.324,0.322,0.002,0.494,0.492,0.002,0.754,0.752,0.002,1.174,1.172,0.002,5.16,1.77,3.39
0.232,0.228,0.004,0.262,0.248,0.014,0.292,0.288,0.004,0.322,0.308,0.014,0.492,0.488,0.004,0.752,0.748,0.004,1.172,1.168,0.004,1.77,2.47,-0.7
0.228,0.239,-0.011,0.248,0.259,-0.011,0.288,0.299,-0.011,0.308,0.319,-0.011,0.488,0.499,-0.011,0.748,0.759,-0.011,1.168,1.179,-0.011,2.47,4.48,-2.01
0.239,0.241,-0.002,0.259,0.271,-0.012,0.299,0.301,-0.002,0.319,0.331,-0.012,0.499,0.511,-0.012,0.759,0.771,-0.012,1.179,1.191,-0.012,4.48,-3.73,8.21
0.241,0.247,-0.006,0.271,0.277,-0.006,0.301,0.307,-0.006,0.331,0.337,-0.006,0.511,0.507,0.004,0.771,0.767,0.004,1.191,1.187,0.004,-3.73,4.27,-8
0.247,0.253,-0.006,0.277,0.283,-0.006,0.307,0.313,-0.006,0.337,0.343,-0.006,0.507,0.523,-0.016,0.767,0.783,-0.016,1.187,1.203,-0.016,4.27,-5,9.27
0.253,0.265,-0.012,0.283,0.285,-0.002,0.313,0.325,-0.012,0.343,0.345,-0.002,0.523,0.525,-0.002,0.783,0.785,-0.002,1.203,1.205,-0.002,-5,5.83,-10.83
0.265,0.251,0.014,0.285,0.281,0.004,0.325,0.311,0.014,0.345,0.341,0.004,0.525,0.511,0.014,0.785,0.781,0.004,1.205,1.191,0.014,5.83,3.74,2.09
0.251,0.249,0.002,0.281,0.279,0.002,0.311,0.309,0.002,0.341,0.339,0.002,0.511,0.519,-0.008,0.781,0.779,0.002,1.191,1.199,-0.008,3.74,-3.53,7.27
0.249,0.256,-0.007,0.279,0.286,-0.007,0.309,0.316,-0.007,0.339,0.346,-0.007,0.519,0.516,0.003,0.779,0.776,0.003,1.199,1.196,0.003,-3.53,1.72,-5.25
0.256,0.246,0.01,0.286,0.276,0.01,0.316,0.306,0.01,0.346,0.336,0.01,0.516,0.516,0,0.776,0.776,0,1.196,1.196,0,1.72,-8.24,9.96
0.246,0.251,-0.005,0.276,0.281,-0.005,0.306,0.311,-0.005,0.336,0.341,-0.005,0.516,0.521,-0.005,0.776,0.781,-0.005,1.196,1.201,-0.005,-8.24,-4.58,-3.66
0.251,0.252,-0.001,0.281,0.282,-0.001,0.311,0.312,-0.001,0.341,0.342,-0.001,0.521,0.522,-0.001,0.781,0.782,-0.001,1.201,1.202,-0.001,-4.58,1.39,-5.97
0.252,0.256,-0.004,0.282,0.286,-0.004,0.312,0.316,-0.004,0.342,0.346,-0.004,0.522,0.526,-0.004,0.782,0.786,-0.004,1.202,1.206,-0.004,1.39,-0.35,1.74
0.256,0.258,-0.002,0.286,0.288,-0.002,0.316,0.318,-0.002,0.346,0.348,-0.002,0.526,0.518,0.008,0.786,0.788,-0.002,1.206,1.198,0.008,-0.35,10.03,-10.38
0.258,0.257,0.001,0.288,0.287,0.001,0.318,0.317,0.001,0.348,0.347,0.001,0.518,0.527,-0.009,0.788,0.787,0.001,1.198,1.207,-0.009,10.03,0.08,9.95
0.257,0.254,0.003,0.287,0.274,0.013,0.317,0.304,0.013,0.347,0.334,0.013,0.527,0.524,0.003,0.787,0.784,0.003,1.207,1.204,0.003,0.08,-2.59,2.67
0.254,0.241,0.013,0.274,0.271,0.003,0.304,0.301,0.003,0.334,0.331,0.003,0.524,0.521,0.003,0.784,0.781,0.003,1.204,1.201,0.003,-2.59,0.67,-3.26
0.241,0.247,-0.006,0.271,0.267,0.004,0.301,0.297,0.004,0.331,0.327,0.004,0.521,0.527,-0.006,0.781,0.787,-0.006,1.201,1.207,-0.006,0.67,-4.42,5.09
0.247,0.251,-0.004,0.267,0.271,-0.004,0.297,0.301,-0.004,0.327,0.331,-0.004,0.527,0.531,-0.004,0.787,0.791,-0.004,1.207,1.211,-0.004,-4.42,-2.77,-1.65
0.251,0.238,0.013,0.271,0.258,0.013,0.301,0.288,0.013,0.331,0.318,0.013,0.531,0.518,0.013,0.791,0.778,0.013,1.211,1.198,0.013,-2.77,3.52,-6.29
0.238,0.246,-0.008,0.258,0.266,-0.008,0.288,0.296,-0.008,0.318,0.326,-0.008,0.518,0.516,0.002,0.778,0.786,-0.008,1.198,1.196,0.002,3.52,-0.78,4.3
0.246,0.234,0.012,0.266,0.264,0.002,0.296,0.294,0.002,0.326,0.324,0.002,0.516,0.514,0.002,0.786,0.774,0.012,1.196,1.194,0.002,-0.78,-0.28,-0.5
0.234,0.252,-0.018,0.264,0.272,-0.008,0.294,0.312,-0.018,0.324,0.332,-0.008,0.514,0.532,-0.018,0.774,0.792,-0.018,1.194,1.212,-0.018,-0.28,0.71,-0.99
0.252,0.25,0.002,0.272,0.27,0.002,0.312,0.31,0.002,0.332,0.33,0.002,0.532,0.53,0.002,0.792,0.79,0.002,1.212,1.21,0.002,0.71,1.6,-0.89
0.25,0.25,0,0.27,0.28,-0.01,0.31,0.31,0,0.33,0.34,-0.01,0.53,0.53,0,0.79,0.79,0,1.21,1.21,0,1.6,0.73,0.87
