volatility(t),volatility(t-1),treasury3(t),treausry3(t-1),treasury3(t-2),treasury1(t),treasury1(t-1),treasury(t-2),AAA(t),AAA(t-1),AAA(t-2),AAp(t),AAp(t-1),AAp(t-2),AA(t),AA(t-1),AA(t-2),AAm(t),AAm(t-1),AAm(t-2),Ap(t),Ap(t-1),Ap(t-2),A(t),A(t-1),A(t-2),Am(t),Am(t-1),Am(t-2),delta_v,delta_trea3(t),delta_trea3(t-1),delta_trea1(t),delta_trea1(t-1),delta_AAA(t),delta_AAA(t-1),deltaAAp(t),deltaAAp(t-1),deltaAA(t),deltaAA(t-1),deltaAAm(t),deltaAAm(t-1),deltaAp(t),deltaAp(t-1),deltaA(t),deltaA(t-1),deltaAm(t),deltaAm(t-1),Anothervolatility(t),Anothervolatility(t-1),delta_Av
0.14903,0.14923,1.171,1.18,1.167,1.099,1.12,1.116,1.526,1.518,1.528,1.56,1.552,1.562,1.597,1.589,1.599,1.625,1.617,1.627,1.791,1.783,1.793,2.054,2.046,2.056,2.47,2.462,2.472,-0.0002,-0.009,0.013,-0.021,0.004,0.008,-0.01,0.008,-0.01,0.008,-0.01,0.008,-0.01,0.008,-0.01,0.008,-0.01,0.008,-0.01,2.35,2.54,-0.19
0.1496,0.14903,1.18,1.167,1.168,1.12,1.116,1.114,1.518,1.528,1.558,1.552,1.562,1.592,1.589,1.599,1.629,1.617,1.627,1.657,1.783,1.793,1.823,2.046,2.056,2.086,2.462,2.472,2.502,0.00057,0.013,-0.001,0.004,0.002,-0.01,-0.03,-0.01,-0.03,-0.01,-0.03,-0.01,-0.03,-0.01,-0.03,-0.01,-0.03,-0.01,-0.03,-3.39,2.35,-5.74
0.14948,0.1496,1.167,1.168,1.233,1.116,1.114,1.14,1.528,1.558,1.581,1.562,1.592,1.615,1.599,1.629,1.652,1.627,1.657,1.68,1.793,1.823,1.846,2.056,2.086,2.109,2.472,2.502,2.525,-0.00012,-0.001,-0.065,0.002,-0.026,-0.03,-0.023,-0.03,-0.023,-0.03,-0.023,-0.03,-0.023,-0.03,-0.023,-0.03,-0.023,-0.03,-0.023,-5.64,-3.39,-2.25
0.14954,0.14948,1.168,1.233,1.228,1.114,1.14,1.154,1.558,1.581,1.551,1.592,1.615,1.58,1.629,1.652,1.617,1.657,1.68,1.645,1.823,1.846,1.811,2.086,2.109,2.074,2.502,2.525,2.49,6.00E-05,-0.065,0.005,-0.026,-0.014,-0.023,0.03,-0.023,0.035,-0.023,0.035,-0.023,0.035,-0.023,0.035,-0.023,0.035,-0.023,0.035,-3.52,-5.64,2.12
0.14954,0.14954,1.233,1.228,1.241,1.14,1.154,1.151,1.581,1.551,1.556,1.615,1.58,1.585,1.652,1.617,1.622,1.68,1.645,1.65,1.846,1.811,1.816,2.109,2.074,2.079,2.525,2.49,2.495,0,0.005,-0.013,-0.014,0.003,0.03,-0.005,0.035,-0.005,0.035,-0.005,0.035,-0.005,0.035,-0.005,0.035,-0.005,0.035,-0.005,-1.17,-3.52,2.35
0.14954,0.14954,1.228,1.241,1.259,1.154,1.151,1.173,1.551,1.556,1.586,1.58,1.585,1.62,1.617,1.622,1.657,1.645,1.65,1.685,1.811,1.816,1.846,2.074,2.079,2.109,2.49,2.495,2.525,0,-0.013,-0.018,0.003,-0.022,-0.005,-0.03,-0.005,-0.035,-0.005,-0.035,-0.005,-0.035,-0.005,-0.03,-0.005,-0.03,-0.005,-0.03,0.52,-1.17,1.69
0.14966,0.14954,1.241,1.259,1.265,1.151,1.173,1.178,1.556,1.586,1.666,1.585,1.62,1.7,1.622,1.657,1.737,1.65,1.685,1.765,1.816,1.846,1.926,2.079,2.109,2.189,2.495,2.525,2.605,0.00012,-0.018,-0.006,-0.022,-0.005,-0.03,-0.08,-0.035,-0.08,-0.035,-0.08,-0.035,-0.08,-0.03,-0.08,-0.03,-0.08,-0.03,-0.08,6.74,0.52,6.22
0.14972,0.14966,1.259,1.265,1.235,1.173,1.178,1.169,1.586,1.666,1.641,1.62,1.7,1.675,1.657,1.737,1.712,1.685,1.765,1.74,1.846,1.926,1.901,2.109,2.189,2.164,2.525,2.605,2.58,6.00E-05,-0.006,0.03,-0.005,0.009,-0.08,0.025,-0.08,0.025,-0.08,0.025,-0.08,0.025,-0.08,0.025,-0.08,0.025,-0.08,0.025,1.53,6.74,-5.21
0.14989,0.14972,1.265,1.235,1.242,1.178,1.169,1.186,1.666,1.641,1.633,1.7,1.675,1.667,1.737,1.712,1.704,1.765,1.74,1.732,1.926,1.901,1.893,2.189,2.164,2.156,2.605,2.58,2.572,0.00017,0.03,-0.007,0.009,-0.017,0.025,0.008,0.025,0.008,0.025,0.008,0.025,0.008,0.025,0.008,0.025,0.008,0.025,0.008,0.89,1.53,-0.64
0.14989,0.14989,1.235,1.242,1.258,1.169,1.186,1.202,1.641,1.633,1.656,1.675,1.667,1.69,1.712,1.704,1.727,1.74,1.732,1.755,1.901,1.893,1.916,2.164,2.156,2.179,2.58,2.572,2.595,0,-0.007,-0.016,-0.017,-0.016,0.008,-0.023,0.008,-0.023,0.008,-0.023,0.008,-0.023,0.008,-0.023,0.008,-0.023,0.008,-0.023,-3.39,0.89,-4.28
0.14989,0.14989,1.242,1.258,1.348,1.186,1.202,1.236,1.633,1.656,1.656,1.667,1.69,1.69,1.704,1.727,1.727,1.732,1.755,1.755,1.893,1.916,1.916,2.156,2.179,2.179,2.572,2.595,2.595,0,-0.016,-0.09,-0.016,-0.034,-0.023,0,-0.023,0,-0.023,0,-0.023,0,-0.023,0,-0.023,0,-0.023,0,-1.26,-3.39,2.13
0.14989,0.14989,1.258,1.348,1.315,1.202,1.236,1.243,1.656,1.656,1.661,1.69,1.69,1.695,1.727,1.727,1.732,1.755,1.755,1.76,1.916,1.916,1.926,2.179,2.179,2.189,2.595,2.595,2.605,0,-0.09,0.033,-0.034,-0.007,0,-0.005,0,-0.005,0,-0.005,0,-0.005,0,-0.01,0,-0.01,0,-0.01,4.4,-1.26,5.66
0.14989,0.14989,1.348,1.315,1.309,1.236,1.243,1.257,1.656,1.661,1.653,1.69,1.695,1.687,1.727,1.732,1.724,1.755,1.76,1.752,1.916,1.926,1.918,2.179,2.189,2.181,2.595,2.605,2.597,0,0.033,0.006,-0.007,-0.014,-0.005,0.008,-0.005,0.008,-0.005,0.008,-0.005,0.008,-0.01,0.008,-0.01,0.008,-0.01,0.008,-0.07,4.4,-4.47
0.1496,0.14989,1.315,1.309,1.329,1.243,1.257,1.266,1.661,1.653,1.631,1.695,1.687,1.665,1.732,1.724,1.702,1.76,1.752,1.73,1.926,1.918,1.896,2.189,2.181,2.159,2.605,2.597,2.575,-0.00029,0.006,-0.02,-0.014,-0.009,0.008,0.022,0.008,0.022,0.008,0.022,0.008,0.022,0.008,0.022,0.008,0.022,0.008,0.022,6.33,-0.07,6.4
0.14945,0.1496,1.309,1.329,1.332,1.257,1.266,1.269,1.653,1.631,1.628,1.687,1.665,1.662,1.724,1.702,1.699,1.752,1.73,1.727,1.918,1.896,1.896,2.181,2.159,2.159,2.597,2.575,2.575,-0.00015,-0.02,-0.003,-0.009,-0.003,0.022,0.003,0.022,0.003,0.022,0.003,0.022,0.003,0.022,0,0.022,0,0.022,0,-3.59,6.33,-9.92
0.14952,0.14945,1.329,1.332,1.331,1.266,1.269,1.266,1.631,1.628,1.63,1.665,1.662,1.664,1.702,1.699,1.701,1.73,1.727,1.729,1.896,1.896,1.898,2.159,2.159,2.161,2.575,2.575,2.577,7.00E-05,-0.003,0.001,-0.003,0.003,0.003,-0.002,0.003,-0.002,0.003,-0.002,0.003,-0.002,0,-0.002,0,-0.002,0,-0.002,-1.39,-3.59,2.2
0.14968,0.14952,1.332,1.331,1.325,1.269,1.266,1.276,1.628,1.63,1.645,1.662,1.664,1.679,1.699,1.701,1.716,1.727,1.729,1.744,1.896,1.898,1.913,2.159,2.161,2.176,2.575,2.577,2.592,0.00016,0.001,0.006,0.003,-0.01,-0.002,-0.015,-0.002,-0.015,-0.002,-0.015,-0.002,-0.015,-0.002,-0.015,-0.002,-0.015,-0.002,-0.015,2.02,-1.39,3.41
0.14955,0.14968,1.331,1.325,1.304,1.266,1.276,1.268,1.63,1.645,1.645,1.664,1.679,1.679,1.701,1.716,1.716,1.729,1.744,1.744,1.898,1.913,1.913,2.161,2.176,2.176,2.577,2.592,2.592,-0.00013,0.006,0.021,-0.01,0.008,-0.015,0,-0.015,0,-0.015,0,-0.015,0,-0.015,0,-0.015,0,-0.015,0,-1.72,2.02,-3.74
0.14955,0.14955,1.325,1.304,1.301,1.276,1.268,1.277,1.645,1.645,1.625,1.679,1.679,1.659,1.716,1.716,1.696,1.744,1.744,1.724,1.913,1.913,1.893,2.176,2.176,2.156,2.592,2.592,2.572,0,0.021,0.003,0.008,-0.009,0,0.02,0,0.02,0,0.02,0,0.02,0,0.02,0,0.02,0,0.02,6.51,-1.72,8.23
0.14955,0.14955,1.304,1.301,1.301,1.268,1.277,1.272,1.645,1.625,1.535,1.679,1.659,1.569,1.716,1.696,1.606,1.744,1.724,1.634,1.913,1.893,1.803,2.176,2.156,2.066,2.592,2.572,2.482,0,0.003,0,-0.009,0.005,0.02,0.09,0.02,0.09,0.02,0.09,0.02,0.09,0.02,0.09,0.02,0.09,0.02,0.09,2.84,6.51,-3.67
0.14942,0.14955,1.301,1.301,1.297,1.277,1.272,1.271,1.625,1.535,1.565,1.659,1.569,1.599,1.696,1.606,1.636,1.724,1.634,1.664,1.893,1.803,1.833,2.156,2.066,2.096,2.572,2.482,2.512,-0.00013,0,0.004,0.005,0.001,0.09,-0.03,0.09,-0.03,0.09,-0.03,0.09,-0.03,0.09,-0.03,0.09,-0.03,0.09,-0.03,-0.37,2.84,-3.21
0.14921,0.14942,1.301,1.297,1.323,1.272,1.271,1.275,1.535,1.565,1.588,1.569,1.599,1.622,1.606,1.636,1.659,1.634,1.664,1.687,1.803,1.833,1.856,2.066,2.096,2.119,2.482,2.512,2.535,-0.00021,0.004,-0.026,0.001,-0.004,-0.03,-0.023,-0.03,-0.023,-0.03,-0.023,-0.03,-0.023,-0.03,-0.023,-0.03,-0.023,-0.03,-0.023,-5.42,-0.37,-5.05
0.14944,0.14921,1.297,1.323,1.303,1.271,1.275,1.281,1.565,1.588,1.603,1.599,1.622,1.637,1.636,1.659,1.674,1.664,1.687,1.702,1.833,1.856,1.871,2.096,2.119,2.134,2.512,2.535,2.55,0.00023,-0.026,0.02,-0.004,-0.006,-0.023,-0.015,-0.023,-0.015,-0.023,-0.015,-0.023,-0.015,-0.023,-0.015,-0.023,-0.015,-0.023,-0.015,1.69,-5.42,7.11
0.14915,0.14944,1.323,1.303,1.21,1.275,1.281,1.264,1.588,1.603,1.603,1.622,1.637,1.637,1.659,1.674,1.674,1.687,1.702,1.702,1.856,1.871,1.871,2.119,2.134,2.134,2.535,2.55,2.55,-0.00029,0.02,0.093,-0.006,0.017,-0.015,0,-0.015,0,-0.015,0,-0.015,0,-0.015,0,-0.015,0,-0.015,0,-5.05,1.69,-6.74
0.14956,0.14915,1.303,1.21,1.232,1.281,1.264,1.25,1.603,1.603,1.608,1.637,1.637,1.642,1.674,1.674,1.679,1.702,1.702,1.707,1.871,1.871,1.876,2.134,2.134,2.139,2.55,2.55,2.555,0.00041,0.093,-0.022,0.017,0.014,0,-0.005,0,-0.005,0,-0.005,0,-0.005,0,-0.005,0,-0.005,0,-0.005,-3.64,-5.05,1.41
0.14956,0.14956,1.21,1.232,1.264,1.264,1.25,1.271,1.603,1.608,1.613,1.637,1.642,1.647,1.674,1.679,1.684,1.702,1.707,1.712,1.871,1.876,1.881,2.134,2.139,2.144,2.55,2.555,2.56,0,-0.022,-0.032,0.014,-0.021,-0.005,-0.005,-0.005,-0.005,-0.005,-0.005,-0.005,-0.005,-0.005,-0.005,-0.005,-0.005,-0.005,-0.005,-3.5,-3.64,0.14
0.14956,0.14956,1.232,1.264,1.276,1.25,1.271,1.267,1.608,1.613,1.648,1.642,1.647,1.682,1.679,1.684,1.719,1.707,1.712,1.747,1.876,1.881,1.916,2.139,2.144,2.179,2.555,2.56,2.595,0,-0.032,-0.012,-0.021,0.004,-0.005,-0.035,-0.005,-0.035,-0.005,-0.035,-0.005,-0.035,-0.005,-0.035,-0.005,-0.035,-0.005,-0.035,-3.84,-3.5,-0.34
0.14967,0.14956,1.264,1.276,1.281,1.271,1.267,1.282,1.613,1.648,1.703,1.647,1.682,1.737,1.684,1.719,1.774,1.712,1.747,1.802,1.881,1.916,1.971,2.144,2.179,2.234,2.56,2.595,2.65,0.00011,-0.012,-0.005,0.004,-0.015,-0.035,-0.055,-0.035,-0.055,-0.035,-0.055,-0.035,-0.055,-0.035,-0.055,-0.035,-0.055,-0.035,-0.055,0.53,-3.84,4.37
0.14971,0.14967,1.276,1.281,1.281,1.267,1.282,1.28,1.648,1.703,1.698,1.682,1.737,1.732,1.719,1.774,1.769,1.747,1.802,1.797,1.916,1.971,1.966,2.179,2.234,2.229,2.595,2.65,2.645,4.00E-05,-0.005,0,-0.015,0.002,-0.055,0.005,-0.055,0.005,-0.055,0.005,-0.055,0.005,-0.055,0.005,-0.055,0.005,-0.055,0.005,3.82,0.53,3.29
0.15077,0.14971,1.281,1.281,1.281,1.282,1.28,1.271,1.703,1.698,1.735,1.737,1.732,1.769,1.774,1.769,1.806,1.802,1.797,1.834,1.971,1.966,2.003,2.234,2.229,2.266,2.65,2.645,2.682,0.00106,0,0,0.002,0.009,0.005,-0.037,0.005,-0.037,0.005,-0.037,0.005,-0.037,0.005,-0.037,0.005,-0.037,0.005,-0.037,-0.07,3.82,-3.89
0.15077,0.15077,1.281,1.281,1.32,1.28,1.271,1.276,1.698,1.735,1.693,1.732,1.769,1.727,1.769,1.806,1.764,1.797,1.834,1.792,1.966,2.003,1.961,2.229,2.266,2.224,2.645,2.682,2.64,0,0,-0.039,0.009,-0.005,-0.037,0.042,-0.037,0.042,-0.037,0.042,-0.037,0.042,-0.037,0.042,-0.037,0.042,-0.037,0.042,-5.42,-0.07,-5.35
0.14998,0.15077,1.281,1.32,1.375,1.271,1.276,1.279,1.735,1.693,1.698,1.769,1.727,1.732,1.806,1.764,1.769,1.834,1.792,1.797,2.003,1.961,1.966,2.266,2.224,2.229,2.682,2.64,2.645,-0.00079,-0.039,-0.055,-0.005,-0.003,0.042,-0.005,0.042,-0.005,0.042,-0.005,0.042,-0.005,0.042,-0.005,0.042,-0.005,0.042,-0.005,0.99,-5.42,6.41
0.14998,0.14998,1.32,1.375,1.375,1.276,1.279,1.293,1.693,1.698,1.715,1.727,1.732,1.749,1.764,1.769,1.786,1.792,1.797,1.814,1.961,1.966,1.983,2.224,2.229,2.246,2.64,2.645,2.662,0,-0.055,0,-0.003,-0.014,-0.005,-0.017,-0.005,-0.017,-0.005,-0.017,-0.005,-0.017,-0.005,-0.017,-0.005,-0.017,-0.005,-0.017,-0.15,0.99,-1.14
0.14998,0.14998,1.375,1.375,1.408,1.279,1.293,1.291,1.698,1.715,1.763,1.732,1.749,1.792,1.769,1.786,1.829,1.797,1.814,1.857,1.966,1.983,2.031,2.229,2.246,2.294,2.645,2.662,2.71,0,0,-0.033,-0.014,0.002,-0.017,-0.048,-0.017,-0.043,-0.017,-0.043,-0.017,-0.043,-0.017,-0.048,-0.017,-0.048,-0.017,-0.048,1.67,-0.15,1.82
0.14998,0.14998,1.375,1.408,1.379,1.293,1.291,1.296,1.715,1.763,1.848,1.749,1.792,1.877,1.786,1.829,1.914,1.814,1.857,1.942,1.983,2.031,2.116,2.246,2.294,2.379,2.662,2.71,2.795,0,-0.033,0.029,0.002,-0.005,-0.048,-0.085,-0.043,-0.085,-0.043,-0.085,-0.043,-0.085,-0.048,-0.085,-0.048,-0.085,-0.048,-0.085,1.64,1.67,-0.03
0.15058,0.14998,1.408,1.379,1.388,1.291,1.296,1.291,1.763,1.848,1.805,1.792,1.877,1.834,1.829,1.914,1.871,1.857,1.942,1.899,2.031,2.116,2.073,2.294,2.379,2.336,2.71,2.795,2.752,0.0006,0.029,-0.009,-0.005,0.005,-0.085,0.043,-0.085,0.043,-0.085,0.043,-0.085,0.043,-0.085,0.043,-0.085,0.043,-0.085,0.043,-1.17,1.64,-2.81
0.15058,0.15058,1.379,1.388,1.396,1.296,1.291,1.309,1.848,1.805,1.785,1.877,1.834,1.814,1.914,1.871,1.851,1.942,1.899,1.879,2.116,2.073,2.053,2.379,2.336,2.316,2.795,2.752,2.732,0,-0.009,-0.008,0.005,-0.018,0.043,0.02,0.043,0.02,0.043,0.02,0.043,0.02,0.043,0.02,0.043,0.02,0.043,0.02,2.74,-1.17,3.91
0.15071,0.15058,1.388,1.396,1.435,1.291,1.309,1.32,1.805,1.785,1.78,1.834,1.814,1.809,1.871,1.851,1.846,1.899,1.879,1.874,2.073,2.053,2.048,2.336,2.316,2.311,2.752,2.732,2.727,0.00013,-0.008,-0.039,-0.018,-0.011,0.02,0.005,0.02,0.005,0.02,0.005,0.02,0.005,0.02,0.005,0.02,0.005,0.02,0.005,-1.88,2.74,-4.62
0.14399,0.15071,1.396,1.435,1.523,1.309,1.32,1.362,1.785,1.78,1.795,1.814,1.809,1.824,1.851,1.846,1.861,1.879,1.874,1.889,2.053,2.048,2.063,2.316,2.311,2.326,2.732,2.727,2.742,-0.00672,-0.039,-0.088,-0.011,-0.042,0.005,-0.015,0.005,-0.015,0.005,-0.015,0.005,-0.015,0.005,-0.015,0.005,-0.015,0.005,-0.015,-2.72,-1.88,-0.84
0.14399,0.14399,1.435,1.523,1.499,1.32,1.362,1.363,1.78,1.795,1.875,1.809,1.824,1.904,1.846,1.861,1.941,1.874,1.889,1.969,2.048,2.063,2.143,2.311,2.326,2.406,2.727,2.742,2.822,0,-0.088,0.024,-0.042,-0.001,-0.015,-0.08,-0.015,-0.08,-0.015,-0.08,-0.015,-0.08,-0.015,-0.08,-0.015,-0.08,-0.015,-0.08,0.76,-2.72,3.48
0.14399,0.14399,1.523,1.499,1.481,1.362,1.363,1.355,1.795,1.875,1.838,1.824,1.904,1.867,1.861,1.941,1.904,1.889,1.969,1.932,2.063,2.143,2.106,2.326,2.406,2.369,2.742,2.822,2.785,0,0.024,0.018,-0.001,0.008,-0.08,0.037,-0.08,0.037,-0.08,0.037,-0.08,0.037,-0.08,0.037,-0.08,0.037,-0.08,0.037,0.75,0.76,-0.01
0.14357,0.14399,1.499,1.481,1.466,1.363,1.355,1.354,1.875,1.838,1.838,1.904,1.867,1.867,1.941,1.904,1.904,1.969,1.932,1.932,2.143,2.106,2.106,2.406,2.369,2.369,2.822,2.785,2.785,-0.00042,0.018,0.015,0.008,0.001,0.037,0,0.037,0,0.037,0,0.037,0,0.037,0,0.037,0,0.037,0,3.5,0.75,2.75
0.14336,0.14357,1.481,1.466,1.467,1.355,1.354,1.36,1.838,1.838,1.868,1.867,1.867,1.897,1.904,1.904,1.934,1.932,1.932,1.962,2.106,2.106,2.136,2.369,2.369,2.399,2.785,2.785,2.815,-0.00021,0.015,-0.001,0.001,-0.006,0,-0.03,0,-0.03,0,-0.03,0,-0.03,0,-0.03,0,-0.03,0,-0.03,-0.79,3.5,-4.29
0.14354,0.14336,1.466,1.467,1.55,1.354,1.36,1.372,1.838,1.868,1.833,1.867,1.897,1.862,1.904,1.934,1.899,1.932,1.962,1.927,2.106,2.136,2.101,2.369,2.399,2.364,2.785,2.815,2.78,0.00018,-0.001,-0.083,-0.006,-0.012,-0.03,0.035,-0.03,0.035,-0.03,0.035,-0.03,0.035,-0.03,0.035,-0.03,0.035,-0.03,0.035,0.07,-0.79,0.86
0.14311,0.14354,1.467,1.55,1.522,1.36,1.372,1.39,1.868,1.833,1.823,1.897,1.862,1.852,1.934,1.899,1.889,1.962,1.927,1.917,2.136,2.101,2.091,2.399,2.364,2.354,2.815,2.78,2.77,-0.00043,-0.083,0.028,-0.012,-0.018,0.035,0.01,0.035,0.01,0.035,0.01,0.035,0.01,0.035,0.01,0.035,0.01,0.035,0.01,3.05,0.07,2.98
0.14317,0.14311,1.55,1.522,1.53,1.372,1.39,1.378,1.833,1.823,1.87,1.862,1.852,1.99,1.899,1.889,1.936,1.927,1.917,1.964,2.101,2.091,2.138,2.364,2.354,2.401,2.78,2.77,2.817,6.00E-05,0.028,-0.008,-0.018,0.012,0.01,-0.047,0.01,-0.138,0.01,-0.047,0.01,-0.047,0.01,-0.047,0.01,-0.047,0.01,-0.047,-3.94,3.05,-6.99
0.14317,0.14317,1.522,1.53,1.541,1.39,1.378,1.375,1.823,1.87,1.82,1.852,1.99,1.849,1.889,1.936,1.886,1.917,1.964,1.914,2.091,2.138,2.088,2.354,2.401,2.351,2.77,2.817,2.767,0,-0.008,-0.011,0.012,0.003,-0.047,0.05,-0.138,0.141,-0.047,0.05,-0.047,0.05,-0.047,0.05,-0.047,0.05,-0.047,0.05,1.47,-3.94,5.41
0.14317,0.14317,1.53,1.541,1.518,1.378,1.375,1.393,1.87,1.82,1.83,1.99,1.849,1.859,1.936,1.886,1.896,1.964,1.914,1.924,2.138,2.088,2.098,2.401,2.351,2.361,2.817,2.767,2.777,0,-0.011,0.023,0.003,-0.018,0.05,-0.01,0.141,-0.01,0.05,-0.01,0.05,-0.01,0.05,-0.01,0.05,-0.01,0.05,-0.01,-3.1,1.47,-4.57
0.14315,0.14317,1.541,1.518,1.5,1.375,1.393,1.389,1.82,1.83,1.833,1.849,1.859,1.862,1.886,1.896,1.899,1.914,1.924,1.927,2.088,2.098,2.101,2.351,2.361,2.364,2.767,2.777,2.78,-2.00E-05,0.023,0.018,-0.018,0.004,-0.01,-0.003,-0.01,-0.003,-0.01,-0.003,-0.01,-0.003,-0.01,-0.003,-0.01,-0.003,-0.01,-0.003,-2.31,-3.1,0.79
0.14374,0.14315,1.518,1.5,1.564,1.393,1.389,1.374,1.83,1.833,1.838,1.859,1.862,1.867,1.896,1.899,1.904,1.924,1.927,1.932,2.098,2.101,2.106,2.361,2.364,2.369,2.777,2.78,2.785,0.00059,0.018,-0.064,0.004,0.015,-0.003,-0.005,-0.003,-0.005,-0.003,-0.005,-0.003,-0.005,-0.003,-0.005,-0.003,-0.005,-0.003,-0.005,1.75,-2.31,4.06
0.14159,0.14374,1.5,1.564,1.51,1.389,1.374,1.39,1.833,1.838,1.801,1.862,1.867,1.83,1.899,1.904,1.867,1.927,1.932,1.895,2.101,2.106,2.069,2.364,2.369,2.332,2.78,2.785,2.748,-0.00215,-0.064,0.054,0.015,-0.016,-0.005,0.037,-0.005,0.037,-0.005,0.037,-0.005,0.037,-0.005,0.037,-0.005,0.037,-0.005,0.037,1.35,1.75,-0.4
0.14153,0.14159,1.564,1.51,1.515,1.374,1.39,1.391,1.838,1.801,1.763,1.867,1.83,1.792,1.904,1.867,1.829,1.932,1.895,1.857,2.106,2.069,2.031,2.369,2.332,2.294,2.785,2.748,2.71,-6.00E-05,0.054,-0.005,-0.016,-0.001,0.037,0.038,0.037,0.038,0.037,0.038,0.037,0.038,0.037,0.038,0.037,0.038,0.037,0.038,4.36,1.35,3.01
0.14044,0.14153,1.51,1.515,1.513,1.39,1.391,1.394,1.801,1.763,1.788,1.83,1.792,1.817,1.867,1.829,1.854,1.895,1.857,1.882,2.069,2.031,2.056,2.332,2.294,2.319,2.748,2.71,2.735,-0.00109,-0.005,0.002,-0.001,-0.003,0.038,-0.025,0.038,-0.025,0.038,-0.025,0.038,-0.025,0.038,-0.025,0.038,-0.025,0.038,-0.025,2.91,4.36,-1.45
0.14044,0.14044,1.515,1.513,1.518,1.391,1.394,1.4,1.763,1.788,1.776,1.792,1.817,1.805,1.829,1.854,1.842,1.857,1.882,1.87,2.031,2.056,2.044,2.294,2.319,2.307,2.71,2.735,2.723,0,0.002,-0.005,-0.003,-0.006,-0.025,0.012,-0.025,0.012,-0.025,0.012,-0.025,0.012,-0.025,0.012,-0.025,0.012,-0.025,0.012,-4.41,2.91,-7.32
0.14044,0.14044,1.513,1.518,1.485,1.394,1.4,1.401,1.788,1.776,1.793,1.817,1.805,1.822,1.854,1.842,1.859,1.882,1.87,1.887,2.056,2.044,2.061,2.319,2.307,2.324,2.735,2.723,2.74,0,-0.005,0.033,-0.006,-0.001,0.012,-0.017,0.012,-0.017,0.012,-0.017,0.012,-0.017,0.012,-0.017,0.012,-0.017,0.012,-0.017,0.22,-4.41,4.63
0.13959,0.14044,1.518,1.485,1.45,1.4,1.401,1.39,1.776,1.793,1.788,1.805,1.822,1.817,1.842,1.859,1.854,1.87,1.887,1.882,2.044,2.061,2.056,2.307,2.324,2.319,2.723,2.74,2.735,-0.00085,0.033,0.035,-0.001,0.011,-0.017,0.005,-0.017,0.005,-0.017,0.005,-0.017,0.005,-0.017,0.005,-0.017,0.005,-0.017,0.005,2.16,0.22,1.94
0.13924,0.13959,1.485,1.45,1.462,1.401,1.39,1.383,1.793,1.788,1.771,1.822,1.817,1.8,1.859,1.854,1.837,1.887,1.882,1.865,2.061,2.056,2.039,2.324,2.319,2.302,2.74,2.735,2.718,-0.00035,0.035,-0.012,0.011,0.007,0.005,0.017,0.005,0.017,0.005,0.017,0.005,0.017,0.005,0.017,0.005,0.017,0.005,0.017,-2.53,2.16,-4.69
0.13919,0.13924,1.45,1.462,1.456,1.39,1.383,1.403,1.788,1.771,1.751,1.817,1.8,1.78,1.854,1.837,1.817,1.882,1.865,1.845,2.056,2.039,2.019,2.319,2.302,2.282,2.735,2.718,2.698,-5.00E-05,-0.012,0.006,0.007,-0.02,0.017,0.02,0.017,0.02,0.017,0.02,0.017,0.02,0.017,0.02,0.017,0.02,0.017,0.02,-0.58,-2.53,1.95
0.13907,0.13919,1.462,1.456,1.475,1.383,1.403,1.394,1.771,1.751,1.713,1.8,1.78,1.742,1.837,1.817,1.779,1.865,1.845,1.807,2.039,2.019,1.981,2.302,2.282,2.244,2.718,2.698,2.66,-0.00012,0.006,-0.019,-0.02,0.009,0.02,0.038,0.02,0.038,0.02,0.038,0.02,0.038,0.02,0.038,0.02,0.038,0.02,0.038,1.38,-0.58,1.96
0.13932,0.13907,1.456,1.475,1.475,1.403,1.394,1.398,1.751,1.713,1.756,1.78,1.742,1.785,1.817,1.779,1.822,1.845,1.807,1.85,2.019,1.981,2.024,2.282,2.244,2.287,2.698,2.66,2.703,0.00025,-0.019,0,0.009,-0.004,0.038,-0.043,0.038,-0.043,0.038,-0.043,0.038,-0.043,0.038,-0.043,0.038,-0.043,0.038,-0.043,0,1.38,-1.38
0.13932,0.13932,1.475,1.475,1.456,1.394,1.398,1.394,1.713,1.756,1.781,1.742,1.785,1.81,1.779,1.822,1.847,1.807,1.85,1.875,1.981,2.024,2.049,2.244,2.287,2.312,2.66,2.703,2.728,0,0,0.019,-0.004,0.004,-0.043,-0.025,-0.043,-0.025,-0.043,-0.025,-0.043,-0.025,-0.043,-0.025,-0.043,-0.025,-0.043,-0.025,2.15,0,2.15
0.13932,0.13932,1.475,1.456,1.43,1.398,1.394,1.39,1.756,1.781,1.728,1.785,1.81,1.757,1.822,1.847,1.794,1.85,1.875,1.822,2.024,2.049,1.996,2.287,2.312,2.259,2.703,2.728,2.675,0,0.019,0.026,0.004,0.004,-0.025,0.053,-0.025,0.053,-0.025,0.053,-0.025,0.053,-0.025,0.053,-0.025,0.053,-0.025,0.053,0.77,2.15,-1.38
0.13534,0.13932,1.456,1.43,1.385,1.394,1.39,1.373,1.781,1.728,1.751,1.81,1.757,1.775,1.847,1.794,1.812,1.875,1.822,1.84,2.049,1.996,2.014,2.312,2.259,2.277,2.728,2.675,2.693,-0.00398,0.026,0.045,0.004,0.017,0.053,-0.023,0.053,-0.018,0.053,-0.018,0.053,-0.018,0.053,-0.018,0.053,-0.018,0.053,-0.018,1.25,0.77,0.48
0.13516,0.13534,1.43,1.385,1.425,1.39,1.373,1.371,1.728,1.751,1.761,1.757,1.775,1.785,1.794,1.812,1.822,1.822,1.84,1.85,1.996,2.014,2.024,2.259,2.277,2.287,2.675,2.693,2.703,-0.00018,0.045,-0.04,0.017,0.002,-0.023,-0.01,-0.018,-0.01,-0.018,-0.01,-0.018,-0.01,-0.018,-0.01,-0.018,-0.01,-0.018,-0.01,-4.4,1.25,-5.65
0.13506,0.13516,1.385,1.425,1.46,1.373,1.371,1.376,1.751,1.761,1.736,1.775,1.785,1.76,1.812,1.822,1.797,1.84,1.85,1.825,2.014,2.024,1.999,2.277,2.287,2.262,2.693,2.703,2.678,-1.00E-04,-0.04,-0.035,0.002,-0.005,-0.01,0.025,-0.01,0.025,-0.01,0.025,-0.01,0.025,-0.01,0.025,-0.01,0.025,-0.01,0.025,-2.16,-4.4,2.24
0.13499,0.13506,1.425,1.46,1.406,1.371,1.376,1.365,1.761,1.736,1.746,1.785,1.76,1.77,1.822,1.797,1.807,1.85,1.825,1.835,2.024,1.999,2.009,2.287,2.262,2.272,2.703,2.678,2.688,-7.00E-05,-0.035,0.054,-0.005,0.011,0.025,-0.01,0.025,-0.01,0.025,-0.01,0.025,-0.01,0.025,-0.01,0.025,-0.01,0.025,-0.01,-2.06,-2.16,0.1
0.13493,0.13499,1.46,1.406,1.423,1.376,1.365,1.367,1.736,1.746,1.741,1.76,1.77,1.765,1.797,1.807,1.802,1.825,1.835,1.83,1.999,2.009,2.004,2.262,2.272,2.267,2.678,2.688,2.683,-6.00E-05,0.054,-0.017,0.011,-0.002,-0.01,0.005,-0.01,0.005,-0.01,0.005,-0.01,0.005,-0.01,0.005,-0.01,0.005,-0.01,0.005,0.53,-2.06,2.59
0.13493,0.13493,1.406,1.423,1.43,1.365,1.367,1.374,1.746,1.741,1.741,1.77,1.765,1.756,1.807,1.802,1.802,1.835,1.83,1.83,2.009,2.004,2.004,2.272,2.267,2.267,2.688,2.683,2.683,0,-0.017,-0.007,-0.002,-0.007,0.005,0,0.005,0.009,0.005,0,0.005,0,0.005,0,0.005,0,0.005,0,-0.07,0.53,-0.6
0.13493,0.13493,1.423,1.43,1.412,1.367,1.374,1.372,1.741,1.741,1.756,1.765,1.756,1.78,1.802,1.802,1.817,1.83,1.83,1.845,2.004,2.004,2.019,2.267,2.267,2.282,2.683,2.683,2.698,0,-0.007,0.018,-0.007,0.002,0,-0.015,0.009,-0.024,0,-0.015,0,-0.015,0,-0.015,0,-0.015,0,-0.015,-2.02,-0.07,-1.95
0.13515,0.13493,1.43,1.412,1.39,1.374,1.372,1.357,1.741,1.756,1.723,1.756,1.78,1.747,1.802,1.817,1.784,1.83,1.845,1.812,2.004,2.019,1.986,2.267,2.282,2.249,2.683,2.698,2.665,0.00022,0.018,0.022,0.002,0.015,-0.015,0.033,-0.024,0.033,-0.015,0.033,-0.015,0.033,-0.015,0.033,-0.015,0.033,-0.015,0.033,1.14,-2.02,3.16
0.13551,0.13515,1.412,1.39,1.381,1.372,1.357,1.348,1.756,1.723,1.713,1.78,1.747,1.742,1.817,1.784,1.779,1.845,1.812,1.807,2.019,1.986,1.976,2.282,2.249,2.239,2.698,2.665,2.655,0.00036,0.022,0.009,0.015,0.009,0.033,0.01,0.033,0.005,0.033,0.005,0.033,0.005,0.033,0.01,0.033,0.01,0.033,0.01,-1.66,1.14,-2.8
0.1356,0.13551,1.39,1.381,1.382,1.357,1.348,1.344,1.723,1.713,1.711,1.747,1.742,1.732,1.784,1.779,1.769,1.812,1.807,1.797,1.986,1.976,1.979,2.249,2.239,2.242,2.665,2.655,2.658,9.00E-05,0.009,-0.001,0.009,0.004,0.01,0.002,0.005,0.01,0.005,0.01,0.005,0.01,0.01,-0.003,0.01,-0.003,0.01,-0.003,-0.31,-1.66,1.35
0.13588,0.1356,1.381,1.382,1.402,1.348,1.344,1.356,1.713,1.711,1.728,1.742,1.732,1.749,1.779,1.769,1.786,1.807,1.797,1.814,1.976,1.979,2.001,2.239,2.242,2.264,2.655,2.658,2.68,0.00028,-0.001,-0.02,0.004,-0.012,0.002,-0.017,0.01,-0.017,0.01,-0.017,0.01,-0.017,-0.003,-0.022,-0.003,-0.022,-0.003,-0.022,1.46,-0.31,1.77
0.13603,0.13588,1.382,1.402,1.369,1.344,1.356,1.342,1.711,1.728,1.733,1.732,1.749,1.754,1.769,1.786,1.791,1.797,1.814,1.819,1.979,2.001,2.006,2.242,2.264,2.269,2.658,2.68,2.685,0.00015,-0.02,0.033,-0.012,0.014,-0.017,-0.005,-0.017,-0.005,-0.017,-0.005,-0.017,-0.005,-0.022,-0.005,-0.022,-0.005,-0.022,-0.005,-0.91,1.46,-2.37
0.13603,0.13603,1.402,1.369,1.363,1.356,1.342,1.338,1.728,1.733,1.723,1.749,1.754,1.744,1.786,1.791,1.781,1.814,1.819,1.809,2.001,2.006,1.996,2.264,2.269,2.259,2.68,2.685,2.675,0,0.033,0.006,0.014,0.004,-0.005,0.01,-0.005,0.01,-0.005,0.01,-0.005,0.01,-0.005,0.01,-0.005,0.01,-0.005,0.01,6.8,-0.91,7.71
0.13603,0.13603,1.369,1.363,1.357,1.342,1.338,1.339,1.733,1.723,1.716,1.754,1.744,1.737,1.791,1.781,1.774,1.819,1.809,1.802,2.006,1.996,1.989,2.269,2.259,2.252,2.685,2.675,2.668,0,0.006,0.006,0.004,-0.001,0.01,0.007,0.01,0.007,0.01,0.007,0.01,0.007,0.01,0.007,0.01,0.007,0.01,0.007,-1.15,6.8,-7.95
0.13603,0.13603,1.363,1.357,1.383,1.338,1.339,1.344,1.723,1.716,1.711,1.744,1.737,1.732,1.781,1.774,1.769,1.809,1.802,1.797,1.996,1.989,1.984,2.259,2.252,2.247,2.675,2.668,2.663,0,0.006,-0.026,-0.001,-0.005,0.007,0.005,0.007,0.005,0.007,0.005,0.007,0.005,0.007,0.005,0.007,0.005,0.007,0.005,2.46,-1.15,3.61
0.13606,0.13603,1.357,1.383,1.392,1.339,1.344,1.35,1.716,1.711,1.716,1.737,1.732,1.737,1.774,1.769,1.774,1.802,1.797,1.802,1.989,1.984,1.989,2.252,2.247,2.252,2.668,2.663,2.668,3.00E-05,-0.026,-0.009,-0.005,-0.006,0.005,-0.005,0.005,-0.005,0.005,-0.005,0.005,-0.005,0.005,-0.005,0.005,-0.005,0.005,-0.005,-0.14,2.46,-2.6
0.13644,0.13606,1.383,1.392,1.38,1.344,1.35,1.344,1.711,1.716,1.699,1.732,1.737,1.72,1.769,1.774,1.757,1.797,1.802,1.785,1.984,1.989,1.972,2.247,2.252,2.235,2.663,2.668,2.651,0.00038,-0.009,0.012,-0.006,0.006,-0.005,0.017,-0.005,0.017,-0.005,0.017,-0.005,0.017,-0.005,0.017,-0.005,0.017,-0.005,0.017,3.96,-0.14,4.1
0.1371,0.13644,1.392,1.38,1.37,1.35,1.344,1.343,1.716,1.699,1.669,1.737,1.72,1.69,1.774,1.757,1.727,1.802,1.785,1.755,1.989,1.972,1.942,2.252,2.235,2.205,2.668,2.651,2.621,0.00066,0.012,0.01,0.006,0.001,0.017,0.03,0.017,0.03,0.017,0.03,0.017,0.03,0.017,0.03,0.017,0.03,0.017,0.03,4.83,3.96,0.87
0.13714,0.1371,1.38,1.37,1.367,1.344,1.343,1.337,1.699,1.669,1.614,1.72,1.69,1.635,1.757,1.727,1.672,1.785,1.755,1.7,1.972,1.942,1.887,2.235,2.205,2.15,2.651,2.621,2.566,4.00E-05,0.01,0.003,0.001,0.006,0.03,0.055,0.03,0.055,0.03,0.055,0.03,0.055,0.03,0.055,0.03,0.055,0.03,0.055,3.12,4.83,-1.71
0.13714,0.13714,1.37,1.367,1.37,1.343,1.337,1.339,1.669,1.614,1.624,1.69,1.635,1.645,1.727,1.672,1.682,1.755,1.7,1.71,1.942,1.887,1.897,2.205,2.15,2.16,2.621,2.566,2.576,0,0.003,-0.003,0.006,-0.002,0.055,-0.01,0.055,-0.01,0.055,-0.01,0.055,-0.01,0.055,-0.01,0.055,-0.01,0.055,-0.01,0,3.12,-3.12
0.13714,0.13714,1.367,1.37,1.36,1.337,1.339,1.337,1.614,1.624,1.679,1.635,1.645,1.7,1.672,1.682,1.737,1.7,1.71,1.765,1.887,1.897,1.952,2.15,2.16,2.215,2.566,2.576,2.631,0,-0.003,0.01,-0.002,0.002,-0.01,-0.055,-0.01,-0.055,-0.01,-0.055,-0.01,-0.055,-0.01,-0.055,-0.01,-0.055,-0.01,-0.055,-5.04,0,-5.04
0.13737,0.13714,1.37,1.36,1.36,1.339,1.337,1.335,1.624,1.679,1.711,1.645,1.7,1.732,1.682,1.737,1.769,1.71,1.765,1.797,1.897,1.952,1.984,2.16,2.215,2.247,2.576,2.631,2.663,0.00023,0.01,0,0.002,0.002,-0.055,-0.032,-0.055,-0.032,-0.055,-0.032,-0.055,-0.032,-0.055,-0.032,-0.055,-0.032,-0.055,-0.032,5.9,-5.04,10.94
0.13677,0.13737,1.36,1.36,1.327,1.337,1.335,1.328,1.679,1.711,1.754,1.7,1.732,1.775,1.737,1.769,1.812,1.765,1.797,1.84,1.952,1.984,2.207,2.215,2.247,2.29,2.631,2.663,2.706,-0.0006,0,0.033,0.002,0.007,-0.032,-0.043,-0.032,-0.043,-0.032,-0.043,-0.032,-0.043,-0.032,-0.223,-0.032,-0.043,-0.032,-0.043,-14.97,5.9,-20.87
0.13656,0.13677,1.36,1.327,1.27,1.335,1.328,1.31,1.711,1.754,1.756,1.732,1.775,1.777,1.769,1.812,1.814,1.797,1.84,1.842,1.984,2.207,2.029,2.247,2.29,2.292,2.663,2.706,2.708,-0.00021,0.033,0.057,0.007,0.018,-0.043,-0.002,-0.043,-0.002,-0.043,-0.002,-0.043,-0.002,-0.223,0.178,-0.043,-0.002,-0.043,-0.002,-5.67,-14.97,9.3
0.1366,0.13656,1.327,1.27,1.277,1.328,1.31,1.295,1.754,1.756,1.719,1.775,1.777,1.74,1.812,1.814,1.777,1.84,1.842,1.805,2.207,2.029,1.992,2.29,2.292,2.255,2.706,2.708,2.671,4.00E-05,0.057,-0.007,0.018,0.015,-0.002,0.037,-0.002,0.037,-0.002,0.037,-0.002,0.037,0.178,0.037,-0.002,0.037,-0.002,0.037,3.51,-5.67,9.18
0.13754,0.1366,1.27,1.277,1.331,1.31,1.295,1.311,1.756,1.719,1.719,1.777,1.74,1.74,1.814,1.777,1.777,1.842,1.805,1.805,2.029,1.992,1.992,2.292,2.255,2.255,2.708,2.671,2.671,0.00094,-0.007,-0.054,0.015,-0.016,0.037,0,0.037,0,0.037,0,0.037,0,0.037,0,0.037,0,0.037,0,1.13,3.51,-2.38
0.13754,0.13754,1.277,1.331,1.363,1.295,1.311,1.301,1.719,1.719,1.719,1.74,1.74,1.74,1.777,1.777,1.777,1.805,1.805,1.805,1.992,1.992,1.992,2.255,2.255,2.255,2.671,2.671,2.671,0,-0.054,-0.032,-0.016,0.01,0,0,0,0,0,0,0,0,0,0,0,0,0,0,-0.3,1.13,-1.43
0.13754,0.13754,1.331,1.363,1.416,1.311,1.301,1.319,1.719,1.719,1.754,1.74,1.74,1.775,1.777,1.777,1.812,1.805,1.805,1.84,1.992,1.992,2.207,2.255,2.255,2.29,2.671,2.671,2.706,0,-0.032,-0.053,0.01,-0.018,0,-0.035,0,-0.035,0,-0.035,0,-0.035,0,-0.215,0,-0.035,0,-0.035,1.57,-0.3,1.87
0.13716,0.13754,1.363,1.416,1.425,1.301,1.319,1.327,1.719,1.754,1.751,1.74,1.775,1.772,1.777,1.812,1.809,1.805,1.84,1.837,1.992,2.207,2.204,2.255,2.29,2.287,2.671,2.706,2.703,-0.00038,-0.053,-0.009,-0.018,-0.008,-0.035,0.003,-0.035,0.003,-0.035,0.003,-0.035,0.003,-0.215,0.003,-0.035,0.003,-0.035,0.003,0.15,1.57,-1.42
0.13607,0.13716,1.416,1.425,1.418,1.319,1.327,1.327,1.754,1.751,1.781,1.775,1.772,1.802,1.812,1.809,1.839,1.84,1.837,1.867,2.207,2.204,2.054,2.29,2.287,2.317,2.706,2.703,2.733,-0.00109,-0.009,0.007,-0.008,0,0.003,-0.03,0.003,-0.03,0.003,-0.03,0.003,-0.03,0.003,0.15,0.003,-0.03,0.003,-0.03,0.29,0.15,0.14
0.13586,0.13607,1.425,1.418,1.386,1.327,1.327,1.327,1.751,1.781,1.729,1.772,1.802,1.75,1.809,1.839,1.787,1.837,1.867,1.815,2.204,2.054,2.002,2.287,2.317,2.265,2.703,2.733,2.681,-0.00021,0.007,0.032,0,0,-0.03,0.052,-0.03,0.052,-0.03,0.052,-0.03,0.052,0.15,0.052,-0.03,0.052,-0.03,0.052,5.65,0.29,5.36
0.13574,0.13586,1.418,1.386,1.391,1.327,1.327,1.32,1.781,1.729,1.764,1.802,1.75,1.785,1.839,1.787,1.822,1.867,1.815,1.85,2.054,2.002,2.037,2.317,2.265,2.3,2.733,2.681,2.716,-0.00012,0.032,-0.005,0,0.007,0.052,-0.035,0.052,-0.035,0.052,-0.035,0.052,-0.035,0.052,-0.035,0.052,-0.035,0.052,-0.035,-0.83,5.65,-6.48
0.13528,0.13574,1.386,1.391,1.426,1.327,1.32,1.323,1.729,1.764,1.754,1.75,1.785,1.775,1.787,1.822,1.812,1.815,1.85,1.84,2.002,2.037,2.207,2.265,2.3,2.29,2.681,2.716,2.706,-0.00046,-0.005,-0.035,0.007,-0.003,-0.035,0.01,-0.035,0.01,-0.035,0.01,-0.035,0.01,-0.035,-0.17,-0.035,0.01,-0.035,0.01,7.07,-0.83,7.9
0.13528,0.13528,1.391,1.426,1.433,1.32,1.323,1.346,1.764,1.754,1.676,1.785,1.775,1.702,1.822,1.812,1.739,1.85,1.84,1.767,2.037,2.207,1.954,2.3,2.29,2.217,2.716,2.706,2.633,0,-0.035,-0.007,-0.003,-0.023,0.01,0.078,0.01,0.073,0.01,0.073,0.01,0.073,-0.17,0.253,0.01,0.073,0.01,0.073,19.74,7.07,12.67
0.13528,0.13528,1.426,1.433,1.455,1.323,1.346,1.348,1.754,1.676,1.651,1.775,1.702,1.677,1.812,1.739,1.714,1.84,1.767,1.742,2.207,1.954,1.929,2.29,2.217,2.192,2.706,2.633,2.608,0,-0.007,-0.022,-0.023,-0.002,0.078,0.025,0.073,0.025,0.073,0.025,0.073,0.025,0.253,0.025,0.073,0.025,0.073,0.025,-7.26,19.74,-27
0.13532,0.13528,1.433,1.455,1.395,1.346,1.348,1.343,1.676,1.651,1.631,1.702,1.677,1.657,1.739,1.714,1.694,1.767,1.742,1.722,1.954,1.929,1.909,2.217,2.192,2.172,2.633,2.608,2.588,4.00E-05,-0.022,0.06,-0.002,0.005,0.025,0.02,0.025,0.02,0.025,0.02,0.025,0.02,0.025,0.02,0.025,0.02,0.025,0.02,8.18,-7.26,15.44
0.13492,0.13532,1.455,1.395,1.437,1.348,1.343,1.34,1.651,1.631,1.641,1.677,1.657,1.667,1.714,1.694,1.704,1.742,1.722,1.732,1.929,1.909,1.919,2.192,2.172,2.182,2.608,2.588,2.598,-0.0004,0.06,-0.042,0.005,0.003,0.02,-0.01,0.02,-0.01,0.02,-0.01,0.02,-0.01,0.02,-0.01,0.02,-0.01,0.02,-0.01,4.95,8.18,-3.23
0.13494,0.13492,1.395,1.437,1.424,1.343,1.34,1.333,1.631,1.641,1.619,1.657,1.667,1.645,1.694,1.704,1.682,1.722,1.732,1.71,1.909,1.919,1.897,2.172,2.182,2.16,2.588,2.598,2.576,2.00E-05,-0.042,0.013,0.003,0.007,-0.01,0.022,-0.01,0.022,-0.01,0.022,-0.01,0.022,-0.01,0.022,-0.01,0.022,-0.01,0.022,0.16,4.95,-4.79
0.13528,0.13494,1.437,1.424,1.352,1.34,1.333,1.301,1.641,1.619,1.664,1.667,1.645,1.69,1.704,1.682,1.727,1.732,1.71,1.755,1.919,1.897,1.942,2.182,2.16,2.205,2.598,2.576,2.621,0.00034,0.013,0.072,0.007,0.032,0.022,-0.045,0.022,-0.045,0.022,-0.045,0.022,-0.045,0.022,-0.045,0.022,-0.045,0.022,-0.045,-4.81,0.16,-4.97
0.13634,0.13528,1.424,1.352,1.33,1.333,1.301,1.295,1.619,1.664,1.641,1.645,1.69,1.667,1.682,1.727,1.704,1.71,1.755,1.732,1.897,1.942,1.919,2.16,2.205,2.182,2.576,2.621,2.598,0.00106,0.072,0.022,0.032,0.006,-0.045,0.023,-0.045,0.023,-0.045,0.023,-0.045,0.023,-0.045,0.023,-0.045,0.023,-0.045,0.023,-0.87,-4.81,3.94
0.13634,0.13634,1.352,1.33,1.301,1.301,1.295,1.269,1.664,1.641,1.631,1.69,1.667,1.657,1.727,1.704,1.694,1.755,1.732,1.722,1.942,1.919,1.909,2.205,2.182,2.172,2.621,2.598,2.588,0,0.022,0.029,0.006,0.026,0.023,0.01,0.023,0.01,0.023,0.01,0.023,0.01,0.023,0.01,0.023,0.01,0.023,0.01,-2.3,-0.87,-1.43
0.13634,0.13634,1.33,1.301,1.303,1.295,1.269,1.264,1.641,1.631,1.603,1.667,1.657,1.629,1.704,1.694,1.666,1.732,1.722,1.694,1.919,1.909,1.881,2.182,2.172,2.144,2.598,2.588,2.56,0,0.029,-0.002,0.026,0.005,0.01,0.028,0.01,0.028,0.01,0.028,0.01,0.028,0.01,0.028,0.01,0.028,0.01,0.028,-1.57,-2.3,0.73
0.13553,0.13634,1.301,1.303,1.291,1.269,1.264,1.253,1.631,1.603,1.621,1.657,1.629,1.647,1.694,1.666,1.684,1.722,1.694,1.712,1.909,1.881,1.899,2.172,2.144,2.162,2.588,2.56,2.578,-0.00081,-0.002,0.012,0.005,0.011,0.028,-0.018,0.028,-0.018,0.028,-0.018,0.028,-0.018,0.028,-0.018,0.028,-0.018,0.028,-0.018,3.94,-1.57,5.51
0.13641,0.13553,1.303,1.291,1.331,1.264,1.253,1.266,1.603,1.621,1.618,1.629,1.647,1.644,1.666,1.684,1.681,1.694,1.712,1.709,1.881,1.899,1.896,2.144,2.162,2.159,2.56,2.578,2.575,0.00088,0.012,-0.04,0.011,-0.013,-0.018,0.003,-0.018,0.003,-0.018,0.003,-0.018,0.003,-0.018,0.003,-0.018,0.003,-0.018,0.003,-0.33,3.94,-4.27
0.13633,0.13641,1.291,1.331,1.307,1.253,1.266,1.268,1.621,1.618,1.618,1.647,1.644,1.644,1.684,1.681,1.681,1.712,1.709,1.709,1.899,1.896,1.896,2.162,2.159,2.159,2.578,2.575,2.575,-8.00E-05,-0.04,0.024,-0.013,-0.002,0.003,0,0.003,0,0.003,0,0.003,0,0.003,0,0.003,0,0.003,0,-6.66,-0.33,-6.33
0.13611,0.13633,1.331,1.307,1.311,1.266,1.268,1.254,1.618,1.618,1.598,1.644,1.644,1.624,1.681,1.681,1.661,1.709,1.709,1.689,1.896,1.896,1.876,2.159,2.159,2.139,2.575,2.575,2.555,-0.00022,0.024,-0.004,-0.002,0.014,0,0.02,0,0.02,0,0.02,0,0.02,0,0.02,0,0.02,0,0.02,-1.59,-6.66,5.07
0.13578,0.13611,1.307,1.311,1.28,1.268,1.254,1.242,1.618,1.598,1.656,1.644,1.624,1.682,1.681,1.661,1.719,1.709,1.689,1.747,1.896,1.876,1.934,2.159,2.139,2.197,2.575,2.555,2.613,-0.00033,-0.004,0.031,0.014,0.012,0.02,-0.058,0.02,-0.058,0.02,-0.058,0.02,-0.058,0.02,-0.058,0.02,-0.058,0.02,-0.058,1.02,-1.59,2.61
0.13578,0.13578,1.311,1.28,1.296,1.254,1.242,1.238,1.598,1.656,1.636,1.624,1.682,1.662,1.661,1.719,1.699,1.689,1.747,1.727,1.876,1.934,1.914,2.139,2.197,2.177,2.555,2.613,2.593,0,0.031,-0.016,0.012,0.004,-0.058,0.02,-0.058,0.02,-0.058,0.02,-0.058,0.02,-0.058,0.02,-0.058,0.02,-0.058,0.02,1.84,1.02,0.82
0.13578,0.13578,1.28,1.296,1.299,1.242,1.238,1.242,1.656,1.636,1.596,1.682,1.662,1.622,1.719,1.699,1.659,1.747,1.727,1.687,1.934,1.914,1.874,2.197,2.177,2.137,2.613,2.593,2.553,0,-0.016,-0.003,0.004,-0.004,0.02,0.04,0.02,0.04,0.02,0.04,0.02,0.04,0.02,0.04,0.02,0.04,0.02,0.04,6.35,1.84,4.51
0.1358,0.13578,1.296,1.299,1.297,1.238,1.242,1.242,1.636,1.596,1.606,1.662,1.622,1.632,1.699,1.659,1.669,1.727,1.687,1.697,1.914,1.874,1.884,2.177,2.137,2.147,2.593,2.553,2.563,2.00E-05,-0.003,0.002,-0.004,0,0.04,-0.01,0.04,-0.01,0.04,-0.01,0.04,-0.01,0.04,-0.01,0.04,-0.01,0.04,-0.01,-0.33,6.35,-6.68
0.13596,0.1358,1.299,1.297,1.275,1.242,1.242,1.241,1.596,1.606,1.571,1.622,1.632,1.597,1.659,1.669,1.634,1.687,1.697,1.662,1.874,1.884,1.849,2.137,2.147,2.112,2.553,2.563,2.528,0.00016,0.002,0.022,0,0.001,-0.01,0.035,-0.01,0.035,-0.01,0.035,-0.01,0.035,-0.01,0.035,-0.01,0.035,-0.01,0.035,0.27,-0.33,0.6
0.13596,0.13596,1.297,1.275,1.33,1.242,1.241,1.233,1.606,1.571,1.513,1.632,1.597,1.539,1.669,1.634,1.576,1.697,1.662,1.604,1.884,1.849,1.791,2.147,2.112,2.054,2.563,2.528,2.47,0,0.022,-0.055,0.001,0.008,0.035,0.058,0.035,0.058,0.035,0.058,0.035,0.058,0.035,0.058,0.035,0.058,0.035,0.058,8.55,0.27,8.28
0.1353,0.13596,1.275,1.33,1.32,1.241,1.233,1.277,1.571,1.513,1.471,1.597,1.539,1.497,1.634,1.576,1.534,1.662,1.604,1.562,1.849,1.791,1.749,2.112,2.054,2.012,2.528,2.47,2.428,-0.00066,-0.055,0.01,0.008,-0.044,0.058,0.042,0.058,0.042,0.058,0.042,0.058,0.042,0.058,0.042,0.058,0.042,0.058,0.042,19.44,8.55,10.89
0.13533,0.1353,1.33,1.32,1.271,1.233,1.277,1.242,1.513,1.471,1.503,1.539,1.497,1.529,1.576,1.534,1.566,1.604,1.562,1.594,1.791,1.749,1.781,2.054,2.012,2.044,2.47,2.428,2.46,3.00E-05,0.01,0.049,-0.044,0.035,0.042,-0.032,0.042,-0.032,0.042,-0.032,0.042,-0.032,0.042,-0.032,0.042,-0.032,0.042,-0.032,-3.93,19.44,-23.37
0.13533,0.13533,1.32,1.271,1.284,1.277,1.242,1.227,1.471,1.503,1.458,1.497,1.529,1.484,1.534,1.566,1.521,1.562,1.594,1.549,1.749,1.781,1.736,2.012,2.044,1.999,2.428,2.46,2.415,0,0.049,-0.013,0.035,0.015,-0.032,0.045,-0.032,0.045,-0.032,0.045,-0.032,0.045,-0.032,0.045,-0.032,0.045,-0.032,0.045,10.48,-3.93,14.41
0.13533,0.13533,1.271,1.284,1.234,1.242,1.227,1.214,1.503,1.458,1.515,1.529,1.484,1.541,1.566,1.521,1.578,1.594,1.549,1.606,1.781,1.736,1.793,2.044,1.999,2.056,2.46,2.415,2.472,0,-0.013,0.05,0.015,0.013,0.045,-0.057,0.045,-0.057,0.045,-0.057,0.045,-0.057,0.045,-0.057,0.045,-0.057,0.045,-0.057,6.93,10.48,-3.55
0.13535,0.13533,1.284,1.234,1.182,1.227,1.214,1.192,1.458,1.515,1.423,1.484,1.541,1.449,1.521,1.578,1.486,1.549,1.606,1.514,1.736,1.793,1.701,1.999,2.056,1.964,2.415,2.472,2.38,2.00E-05,0.05,0.052,0.013,0.022,-0.057,0.092,-0.057,0.092,-0.057,0.092,-0.057,0.092,-0.057,0.092,-0.057,0.092,-0.057,0.092,25.97,6.93,19.04
0.13535,0.13535,1.234,1.182,1.139,1.214,1.192,1.126,1.515,1.423,1.448,1.541,1.449,1.474,1.578,1.486,1.511,1.606,1.514,1.539,1.793,1.701,1.726,2.056,1.964,1.989,2.472,2.38,2.405,0,0.052,0.043,0.022,0.066,0.092,-0.025,0.092,-0.025,0.092,-0.025,0.092,-0.025,0.092,-0.025,0.092,-0.025,0.092,-0.025,-3.4,25.97,-29.37
0.13535,0.13535,1.182,1.139,1.171,1.192,1.126,1.138,1.423,1.448,1.443,1.449,1.474,1.469,1.486,1.511,1.506,1.514,1.539,1.534,1.701,1.726,1.721,1.964,1.989,1.984,2.38,2.405,2.4,0,0.043,-0.032,0.066,-0.012,-0.025,0.005,-0.025,0.005,-0.025,0.005,-0.025,0.005,-0.025,0.005,-0.025,0.005,-0.025,0.005,-9.71,-3.4,-6.31
0.13507,0.13535,1.139,1.171,1.135,1.126,1.138,1.122,1.448,1.443,1.37,1.474,1.469,1.396,1.511,1.506,1.433,1.539,1.534,1.461,1.726,1.721,1.648,1.989,1.984,1.911,2.405,2.4,2.327,-0.00028,-0.032,0.036,-0.012,0.016,0.005,0.073,0.005,0.073,0.005,0.073,0.005,0.073,0.005,0.073,0.005,0.073,0.005,0.073,-9.26,-9.71,0.45
0.13469,0.13507,1.171,1.135,1.194,1.138,1.122,1.137,1.443,1.37,1.383,1.469,1.396,1.409,1.506,1.433,1.446,1.534,1.461,1.474,1.721,1.648,1.661,1.984,1.911,1.924,2.4,2.327,2.34,-0.00038,0.036,-0.059,0.016,-0.015,0.073,-0.013,0.073,-0.013,0.073,-0.013,0.073,-0.013,0.073,-0.013,0.073,-0.013,0.073,-0.013,-11.58,-9.26,-2.32
0.13469,0.13469,1.135,1.194,1.104,1.122,1.137,1.131,1.37,1.383,1.41,1.396,1.409,1.436,1.433,1.446,1.473,1.461,1.474,1.501,1.648,1.661,1.688,1.911,1.924,1.951,2.327,2.34,2.367,0,-0.059,0.09,-0.015,0.006,-0.013,-0.027,-0.013,-0.027,-0.013,-0.027,-0.013,-0.027,-0.013,-0.027,-0.013,-0.027,-0.013,-0.027,16.1,-11.58,27.68
0.13469,0.13469,1.194,1.104,1.128,1.137,1.131,1.095,1.383,1.41,1.36,1.409,1.436,1.386,1.446,1.473,1.423,1.474,1.501,1.451,1.661,1.688,1.638,1.924,1.951,1.901,2.34,2.367,2.317,0,0.09,-0.024,0.006,0.036,-0.027,0.05,-0.027,0.05,-0.027,0.05,-0.027,0.05,-0.027,0.05,-0.027,0.05,-0.027,0.05,31.82,16.1,15.72
0.13473,0.13469,1.104,1.128,1.11,1.131,1.095,1.125,1.41,1.36,1.423,1.436,1.386,1.449,1.473,1.423,1.486,1.501,1.451,1.514,1.688,1.638,1.701,1.951,1.901,1.964,2.367,2.317,2.38,4.00E-05,-0.024,0.018,0.036,-0.03,0.05,-0.063,0.05,-0.063,0.05,-0.063,0.05,-0.063,0.05,-0.063,0.05,-0.063,0.05,-0.063,-3.89,31.82,-35.71
0.13434,0.13473,1.128,1.11,1.029,1.095,1.125,1.033,1.36,1.423,1.413,1.386,1.449,1.439,1.423,1.486,1.476,1.451,1.514,1.504,1.638,1.701,1.691,1.901,1.964,1.954,2.317,2.38,2.37,-0.00039,0.018,0.081,-0.03,0.092,-0.063,0.01,-0.063,0.01,-0.063,0.01,-0.063,0.01,-0.063,0.01,-0.063,0.01,-0.063,0.01,8.05,-3.89,11.94
0.13427,0.13434,1.11,1.029,1.051,1.125,1.033,1.047,1.423,1.413,1.393,1.449,1.439,1.419,1.486,1.476,1.456,1.514,1.504,1.484,1.701,1.691,1.671,1.964,1.954,1.934,2.38,2.37,2.35,-7.00E-05,0.081,-0.022,0.092,-0.014,0.01,0.02,0.01,0.02,0.01,0.02,0.01,0.02,0.01,0.02,0.01,0.02,0.01,0.02,14.55,8.05,6.5
0.13344,0.13427,1.029,1.051,1.078,1.033,1.047,1.023,1.413,1.393,1.495,1.439,1.419,1.521,1.476,1.456,1.558,1.504,1.484,1.586,1.691,1.671,1.773,1.954,1.934,2.036,2.37,2.35,2.452,-0.00083,-0.022,-0.027,-0.014,0.024,0.02,-0.102,0.02,-0.102,0.02,-0.102,0.02,-0.102,0.02,-0.102,0.02,-0.102,0.02,-0.102,25.05,14.55,10.5
0.13372,0.13344,1.051,1.078,1.038,1.047,1.023,1.006,1.393,1.495,1.423,1.419,1.521,1.449,1.456,1.558,1.486,1.484,1.586,1.514,1.671,1.773,1.701,1.934,2.036,1.964,2.35,2.452,2.38,0.00028,-0.027,0.04,0.024,0.017,-0.102,0.072,-0.102,0.072,-0.102,0.072,-0.102,0.072,-0.102,0.072,-0.102,0.072,-0.102,0.072,19.87,25.05,-5.18
0.13372,0.13372,1.078,1.038,1.082,1.023,1.006,1.027,1.495,1.423,1.388,1.521,1.449,1.414,1.558,1.486,1.451,1.586,1.514,1.479,1.773,1.701,1.666,2.036,1.964,1.929,2.452,2.38,2.345,0,0.04,-0.044,0.017,-0.021,0.072,0.035,0.072,0.035,0.072,0.035,0.072,0.035,0.072,0.035,0.072,0.035,0.072,0.035,-0.11,19.87,-19.98
0.13372,0.13372,1.038,1.082,1.086,1.006,1.027,1.019,1.423,1.388,1.458,1.449,1.414,1.484,1.486,1.451,1.521,1.514,1.479,1.549,1.701,1.666,1.736,1.964,1.929,1.999,2.38,2.345,2.415,0,-0.044,-0.004,-0.021,0.008,0.035,-0.07,0.035,-0.07,0.035,-0.07,0.035,-0.07,0.035,-0.07,0.035,-0.07,0.035,-0.07,-2.62,-0.11,-2.51
0.13398,0.13372,1.082,1.086,1.062,1.027,1.019,1.031,1.388,1.458,1.6,1.414,1.484,1.626,1.451,1.521,1.663,1.479,1.549,1.691,1.666,1.736,1.878,1.929,1.999,2.141,2.345,2.415,2.557,0.00026,-0.004,0.024,0.008,-0.012,-0.07,-0.142,-0.07,-0.142,-0.07,-0.142,-0.07,-0.142,-0.07,-0.142,-0.07,-0.142,-0.07,-0.142,10.25,-2.62,12.87
0.13376,0.13398,1.086,1.062,1.149,1.019,1.031,1.069,1.458,1.6,1.548,1.484,1.626,1.574,1.521,1.663,1.611,1.549,1.691,1.639,1.736,1.878,1.826,1.999,2.141,2.089,2.415,2.557,2.505,-0.00022,0.024,-0.087,-0.012,-0.038,-0.142,0.052,-0.142,0.052,-0.142,0.052,-0.142,0.052,-0.142,0.052,-0.142,0.052,-0.142,0.052,-12.29,10.25,-22.54
0.13268,0.13376,1.062,1.149,1.099,1.031,1.069,1.009,1.6,1.548,1.588,1.626,1.574,1.614,1.663,1.611,1.651,1.691,1.639,1.679,1.878,1.826,1.866,2.141,2.089,2.219,2.557,2.505,2.545,-0.00108,-0.087,0.05,-0.038,0.06,0.052,-0.04,0.052,-0.04,0.052,-0.04,0.052,-0.04,0.052,-0.04,0.052,-0.13,0.052,-0.04,2.91,-12.29,15.2
0.13296,0.13268,1.149,1.099,1.03,1.069,1.009,0.984,1.548,1.588,1.578,1.574,1.614,1.604,1.611,1.651,1.641,1.639,1.679,1.669,1.826,1.866,1.856,2.089,2.219,2.119,2.505,2.545,2.535,0.00028,0.05,0.069,0.06,0.025,-0.04,0.01,-0.04,0.01,-0.04,0.01,-0.04,0.01,-0.04,0.01,-0.13,0.1,-0.04,0.01,-13.95,2.91,-16.86
0.13295,0.13296,1.099,1.03,1.05,1.009,0.984,0.972,1.588,1.578,1.565,1.614,1.604,1.591,1.651,1.641,1.628,1.679,1.669,1.656,1.866,1.856,1.843,2.219,2.119,2.106,2.545,2.535,2.522,-1.00E-05,0.069,-0.02,0.025,0.012,0.01,0.013,0.01,0.013,0.01,0.013,0.01,0.013,0.01,0.013,0.1,0.013,0.01,0.013,-8.29,-13.95,5.66
0.13295,0.13295,1.03,1.05,1.193,0.984,0.972,1.055,1.578,1.565,1.555,1.604,1.591,1.581,1.641,1.628,1.618,1.669,1.656,1.646,1.856,1.843,1.833,2.119,2.106,2.096,2.535,2.522,2.512,0,-0.02,-0.143,0.012,-0.083,0.013,0.01,0.013,0.01,0.013,0.01,0.013,0.01,0.013,0.01,0.013,0.01,0.013,0.01,6.97,-8.29,15.26
0.13295,0.13295,1.05,1.193,1.107,0.972,1.055,1.043,1.565,1.555,1.565,1.591,1.581,1.591,1.628,1.618,1.628,1.656,1.646,1.656,1.843,1.833,1.843,2.106,2.096,2.106,2.522,2.512,2.522,0,-0.143,0.086,-0.083,0.012,0.01,-0.01,0.01,-0.01,0.01,-0.01,0.01,-0.01,0.01,-0.01,0.01,-0.01,0.01,-0.01,3.53,6.97,-3.44
0.13296,0.13295,1.193,1.107,1.153,1.055,1.043,1.049,1.555,1.565,1.603,1.581,1.591,1.629,1.618,1.628,1.666,1.646,1.656,1.694,1.833,1.843,1.881,2.096,2.106,2.144,2.512,2.522,2.56,1.00E-05,0.086,-0.046,0.012,-0.006,-0.01,-0.038,-0.01,-0.038,-0.01,-0.038,-0.01,-0.038,-0.01,-0.038,-0.01,-0.038,-0.01,-0.038,0.38,3.53,-3.15
0.1335,0.13296,1.107,1.153,1.127,1.043,1.049,1.015,1.565,1.603,1.573,1.591,1.629,1.599,1.628,1.666,1.636,1.656,1.694,1.664,1.843,1.881,1.851,2.106,2.144,2.114,2.522,2.56,2.53,0.00054,-0.046,0.026,-0.006,0.034,-0.038,0.03,-0.038,0.03,-0.038,0.03,-0.038,0.03,-0.038,0.03,-0.038,0.03,-0.038,0.03,-11.45,0.38,-11.83
0.13401,0.1335,1.153,1.127,1.131,1.049,1.015,1.002,1.603,1.573,1.598,1.629,1.599,1.624,1.666,1.636,1.661,1.694,1.664,1.689,1.881,1.851,1.876,2.144,2.114,2.139,2.56,2.53,2.555,0.00051,0.026,-0.004,0.034,0.013,0.03,-0.025,0.03,-0.025,0.03,-0.025,0.03,-0.025,0.03,-0.025,0.03,-0.025,0.03,-0.025,2.99,-11.45,14.44
0.13458,0.13401,1.127,1.131,1.067,1.015,1.002,0.998,1.573,1.598,1.57,1.599,1.624,1.596,1.636,1.661,1.633,1.664,1.689,1.661,1.851,1.876,1.848,2.114,2.139,2.111,2.53,2.555,2.527,0.00057,-0.004,0.064,0.013,0.004,-0.025,0.028,-0.025,0.028,-0.025,0.028,-0.025,0.028,-0.025,0.028,-0.025,0.028,-0.025,0.028,-5.52,2.99,-8.51
0.13458,0.13458,1.131,1.067,1.06,1.002,0.998,0.98,1.598,1.57,1.589,1.624,1.596,1.624,1.661,1.633,1.661,1.689,1.661,1.689,1.876,1.848,1.876,2.139,2.111,2.139,2.555,2.527,2.555,0,0.064,0.007,0.004,0.018,0.028,-0.019,0.028,-0.028,0.028,-0.028,0.028,-0.028,0.028,-0.028,0.028,-0.028,0.028,-0.028,-4.02,-5.52,1.5
0.13458,0.13458,1.067,1.06,1.098,0.998,0.98,0.995,1.57,1.589,1.62,1.596,1.624,1.656,1.633,1.661,1.693,1.661,1.689,1.721,1.848,1.876,1.908,2.111,2.139,2.171,2.527,2.555,2.587,0,0.007,-0.038,0.018,-0.015,-0.019,-0.031,-0.028,-0.032,-0.028,-0.032,-0.028,-0.032,-0.028,-0.032,-0.028,-0.032,-0.028,-0.032,-15.62,-4.02,-11.6
0.13458,0.13458,1.06,1.098,1.07,0.98,0.995,1.011,1.589,1.62,1.62,1.624,1.656,1.656,1.661,1.693,1.693,1.689,1.721,1.721,1.876,1.908,1.908,2.139,2.171,2.171,2.555,2.587,2.587,0,-0.038,0.028,-0.015,-0.016,-0.031,0,-0.032,0,-0.032,0,-0.032,0,-0.032,0,-0.032,0,-0.032,0,-5.54,-15.62,10.08
0.13458,0.13458,1.098,1.07,1.092,0.995,1.011,0.976,1.62,1.62,1.62,1.656,1.656,1.656,1.693,1.693,1.693,1.721,1.721,1.721,1.908,1.908,1.908,2.171,2.171,2.171,2.587,2.587,2.587,0,0.028,-0.022,-0.016,0.035,0,0,0,0,0,0,0,0,0,0,0,0,0,0,10.82,-5.54,16.36
0.13754,0.13458,1.07,1.092,1.059,1.011,0.976,0.963,1.62,1.62,1.597,1.656,1.656,1.639,1.693,1.693,1.676,1.721,1.721,1.704,1.908,1.908,1.891,2.171,2.171,2.154,2.587,2.587,2.57,0.00296,-0.022,0.033,0.035,0.013,0,0.023,0,0.017,0,0.017,0,0.017,0,0.017,0,0.017,0,0.017,-11.24,10.82,-22.06
0.13752,0.13754,1.092,1.059,1.066,0.976,0.963,0.951,1.62,1.597,1.57,1.656,1.639,1.652,1.693,1.676,1.689,1.721,1.704,1.717,1.908,1.891,1.904,2.171,2.154,2.167,2.587,2.57,2.583,-2.00E-05,0.033,-0.007,0.013,0.012,0.023,0.027,0.017,-0.013,0.017,-0.013,0.017,-0.013,0.017,-0.013,0.017,-0.013,0.017,-0.013,0.82,-11.24,12.06
0.13833,0.13752,1.059,1.066,1.052,0.963,0.951,0.946,1.597,1.57,1.597,1.639,1.652,1.679,1.676,1.689,1.716,1.704,1.717,1.744,1.891,1.904,1.931,2.154,2.167,2.194,2.57,2.583,2.61,0.00081,-0.007,0.014,0.012,0.005,0.027,-0.027,-0.013,-0.027,-0.013,-0.027,-0.013,-0.027,-0.013,-0.027,-0.013,-0.027,-0.013,-0.027,10.74,0.82,9.92
0.13897,0.13833,1.066,1.052,1.047,0.951,0.946,0.908,1.57,1.597,1.597,1.652,1.679,1.682,1.689,1.716,1.719,1.717,1.744,1.747,1.904,1.931,1.934,2.167,2.194,2.197,2.583,2.61,2.613,0.00064,0.014,0.005,0.005,0.038,-0.027,0,-0.027,-0.003,-0.027,-0.003,-0.027,-0.003,-0.027,-0.003,-0.027,-0.003,-0.027,-0.003,-9.2,10.74,-19.94
0.13897,0.13897,1.052,1.047,1.024,0.946,0.908,0.903,1.597,1.597,1.587,1.679,1.682,1.672,1.716,1.719,1.709,1.744,1.747,1.737,1.931,1.934,1.924,2.194,2.197,2.187,2.61,2.613,2.603,0,0.005,0.023,0.038,0.005,0,0.01,-0.003,0.01,-0.003,0.01,-0.003,0.01,-0.003,0.01,-0.003,0.01,-0.003,0.01,-3.39,-9.2,5.81
0.13897,0.13897,1.047,1.024,0.986,0.908,0.903,0.898,1.597,1.587,1.602,1.682,1.672,1.692,1.719,1.709,1.729,1.747,1.737,1.757,1.934,1.924,1.944,2.197,2.187,2.207,2.613,2.603,2.623,0,0.023,0.038,0.005,0.005,0.01,-0.015,0.01,-0.02,0.01,-0.02,0.01,-0.02,0.01,-0.02,0.01,-0.02,0.01,-0.02,-9.71,-3.39,-6.32
0.13899,0.13897,1.024,0.986,0.97,0.903,0.898,0.857,1.587,1.602,1.602,1.672,1.692,1.697,1.709,1.729,1.734,1.737,1.757,1.762,1.924,1.944,1.949,2.187,2.207,2.212,2.603,2.623,2.628,2.00E-05,0.038,0.016,0.005,0.041,-0.015,0,-0.02,-0.005,-0.02,-0.005,-0.02,-0.005,-0.02,-0.005,-0.02,-0.005,-0.02,-0.005,5.88,-9.71,15.59
0.14011,0.13899,0.986,0.97,0.996,0.898,0.857,0.865,1.602,1.602,1.616,1.692,1.697,1.711,1.729,1.734,1.748,1.757,1.762,1.782,1.944,1.949,1.969,2.207,2.212,2.232,2.623,2.628,2.648,0.00112,0.016,-0.026,0.041,-0.008,0,-0.014,-0.005,-0.014,-0.005,-0.014,-0.005,-0.02,-0.005,-0.02,-0.005,-0.02,-0.005,-0.02,9.73,5.88,3.85
0.1399,0.14011,0.97,0.996,0.996,0.857,0.865,0.874,1.602,1.616,1.596,1.697,1.711,1.696,1.734,1.748,1.74,1.762,1.782,1.779,1.949,1.969,1.966,2.212,2.232,2.229,2.628,2.648,2.645,-0.00021,-0.026,0,-0.008,-0.009,-0.014,0.02,-0.014,0.015,-0.014,0.008,-0.02,0.003,-0.02,0.003,-0.02,0.003,-0.02,0.003,0.05,9.73,-9.68
0.14265,0.1399,0.996,0.996,0.982,0.865,0.874,0.869,1.616,1.596,1.596,1.711,1.696,1.696,1.748,1.74,1.74,1.782,1.779,1.779,1.969,1.966,1.966,2.232,2.229,2.229,2.648,2.645,2.645,0.00275,0,0.014,-0.009,0.005,0.02,0,0.015,0,0.008,0,0.003,0,0.003,0,0.003,0,0.003,0,-5.72,0.05,-5.77
0.1429,0.14265,0.996,0.982,1.006,0.874,0.869,0.88,1.596,1.596,1.576,1.696,1.696,1.676,1.74,1.74,1.72,1.779,1.779,1.759,1.966,1.966,1.946,2.229,2.229,2.209,2.645,2.645,2.625,0.00025,0.014,-0.024,0.005,-0.011,0,0.02,0,0.02,0,0.02,0,0.02,0,0.02,0,0.02,0,0.02,8.94,-5.72,14.66
0.1429,0.1429,0.982,1.006,1.013,0.869,0.88,0.877,1.596,1.576,1.594,1.696,1.676,1.694,1.74,1.72,1.738,1.779,1.759,1.777,1.966,1.946,1.964,2.229,2.209,2.227,2.645,2.625,2.643,0,-0.024,-0.007,-0.011,0.003,0.02,-0.018,0.02,-0.018,0.02,-0.018,0.02,-0.018,0.02,-0.018,0.02,-0.018,0.02,-0.018,-6.37,8.94,-15.31
0.1429,0.1429,1.006,1.013,1.035,0.88,0.877,0.904,1.576,1.594,1.594,1.676,1.694,1.699,1.72,1.738,1.743,1.759,1.777,1.782,1.946,1.964,1.969,2.209,2.227,2.232,2.625,2.643,2.648,0,-0.007,-0.022,0.003,-0.027,-0.018,0,-0.018,-0.005,-0.018,-0.005,-0.018,-0.005,-0.018,-0.005,-0.018,-0.005,-0.018,-0.005,-7.14,-6.37,-0.77
0.14227,0.1429,1.013,1.035,1.046,0.877,0.904,0.885,1.594,1.594,1.569,1.694,1.699,1.679,1.738,1.743,1.723,1.777,1.782,1.762,1.964,1.969,1.949,2.227,2.232,2.212,2.643,2.648,2.628,-0.00063,-0.022,-0.011,-0.027,0.019,0,0.025,-0.005,0.02,-0.005,0.02,-0.005,0.02,-0.005,0.02,-0.005,0.02,-0.005,0.02,-6.53,-7.14,0.61
0.14262,0.14227,1.035,1.046,1.036,0.904,0.885,0.883,1.594,1.569,1.531,1.699,1.679,1.641,1.743,1.723,1.685,1.782,1.762,1.724,1.969,1.949,1.911,2.232,2.212,2.174,2.648,2.628,2.59,0.00035,-0.011,0.01,0.019,0.002,0.025,0.038,0.02,0.038,0.02,0.038,0.02,0.038,0.02,0.038,0.02,0.038,0.02,0.038,19.17,-6.53,25.7
0.1427,0.14262,1.046,1.036,1.018,0.885,0.883,0.882,1.569,1.531,1.516,1.679,1.641,1.626,1.723,1.685,1.67,1.762,1.724,1.709,1.949,1.911,1.896,2.212,2.174,2.159,2.628,2.59,2.575,8.00E-05,0.01,0.018,0.002,0.001,0.038,0.015,0.038,0.015,0.038,0.015,0.038,0.015,0.038,0.015,0.038,0.015,0.038,0.015,-12.51,19.17,-31.68
0.14266,0.1427,1.036,1.018,1.026,0.883,0.882,0.884,1.531,1.516,1.489,1.641,1.626,1.609,1.685,1.67,1.653,1.724,1.709,1.692,1.911,1.896,1.879,2.174,2.159,2.142,2.59,2.575,2.558,-4.00E-05,0.018,-0.008,0.001,-0.002,0.015,0.027,0.015,0.017,0.015,0.017,0.015,0.017,0.015,0.017,0.015,0.017,0.015,0.017,-1.57,-12.51,10.94
0.14224,0.14266,1.018,1.026,1.033,0.882,0.884,0.881,1.516,1.489,1.454,1.626,1.609,1.584,1.67,1.653,1.628,1.709,1.692,1.667,1.896,1.879,1.854,2.159,2.142,2.117,2.575,2.558,2.533,-0.00042,-0.008,-0.007,-0.002,0.003,0.027,0.035,0.017,0.025,0.017,0.025,0.017,0.025,0.017,0.025,0.017,0.025,0.017,0.025,-8.11,-1.57,-6.54
0.14224,0.14224,1.026,1.033,1.006,0.884,0.881,0.872,1.489,1.454,1.474,1.609,1.584,1.604,1.653,1.628,1.648,1.692,1.667,1.687,1.879,1.854,1.874,2.142,2.117,2.137,2.558,2.533,2.553,0,-0.007,0.027,0.003,0.009,0.035,-0.02,0.025,-0.02,0.025,-0.02,0.025,-0.02,0.025,-0.02,0.025,-0.02,0.025,-0.02,1.95,-8.11,10.06
0.14224,0.14224,1.033,1.006,0.975,0.881,0.872,0.86,1.454,1.474,1.429,1.584,1.604,1.559,1.628,1.648,1.603,1.667,1.687,1.642,1.854,1.874,1.829,2.117,2.137,2.092,2.533,2.553,2.508,0,0.027,0.031,0.009,0.012,-0.02,0.045,-0.02,0.045,-0.02,0.045,-0.02,0.045,-0.02,0.045,-0.02,0.045,-0.02,0.045,-5.25,1.95,-7.2
0.14124,0.14224,1.006,0.975,0.96,0.872,0.86,0.849,1.474,1.429,1.404,1.604,1.559,1.539,1.648,1.603,1.583,1.687,1.642,1.622,1.874,1.829,1.809,2.137,2.092,2.072,2.553,2.508,2.488,-0.001,0.031,0.015,0.012,0.011,0.045,0.025,0.045,0.02,0.045,0.02,0.045,0.02,0.045,0.02,0.045,0.02,0.045,0.02,-7.34,-5.25,-2.09
0.14212,0.14124,0.975,0.96,0.946,0.86,0.849,0.837,1.429,1.404,1.411,1.559,1.539,1.546,1.603,1.583,1.59,1.642,1.622,1.629,1.829,1.809,1.816,2.092,2.072,2.079,2.508,2.488,2.495,0.00088,0.015,0.014,0.011,0.012,0.025,-0.007,0.02,-0.007,0.02,-0.007,0.02,-0.007,0.02,-0.007,0.02,-0.007,0.02,-0.007,4.04,-7.34,11.38
0.14209,0.14212,0.96,0.946,0.914,0.849,0.837,0.822,1.404,1.411,1.414,1.539,1.546,1.549,1.583,1.59,1.593,1.622,1.629,1.632,1.809,1.816,1.819,2.072,2.079,2.082,2.488,2.495,2.498,-3.00E-05,0.014,0.032,0.012,0.015,-0.007,-0.003,-0.007,-0.003,-0.007,-0.003,-0.007,-0.003,-0.007,-0.003,-0.007,-0.003,-0.007,-0.003,0.63,4.04,-3.41
0.14169,0.14209,0.946,0.914,0.926,0.837,0.822,0.82,1.411,1.414,1.394,1.546,1.549,1.549,1.59,1.593,1.593,1.629,1.632,1.637,1.816,1.819,1.824,2.079,2.082,2.087,2.495,2.498,2.503,-0.0004,0.032,-0.012,0.015,0.002,-0.003,0.02,-0.003,0,-0.003,0,-0.003,-0.005,-0.003,-0.005,-0.003,-0.005,-0.003,-0.005,0.3,0.63,-0.33
0.14244,0.14169,0.914,0.926,0.886,0.822,0.82,0.81,1.414,1.394,1.394,1.549,1.549,1.549,1.593,1.593,1.593,1.632,1.637,1.637,1.819,1.824,1.824,2.082,2.087,2.087,2.498,2.503,2.503,0.00075,-0.012,0.04,0.002,0.01,0.02,0,0,0,0,0,-0.005,0,-0.005,0,-0.005,0,-0.005,0,-7.54,0.3,-7.84
0.14244,0.14244,0.926,0.886,0.856,0.82,0.81,0.777,1.394,1.394,1.376,1.549,1.549,1.531,1.593,1.593,1.575,1.637,1.637,1.629,1.824,1.824,1.821,2.087,2.087,2.084,2.503,2.503,2.5,0,0.04,0.03,0.01,0.033,0,0.018,0,0.018,0,0.018,0,0.008,0,0.003,0,0.003,0,0.003,-0.6,-7.54,6.94
0.14244,0.14244,0.886,0.856,0.869,0.81,0.777,0.786,1.394,1.376,1.359,1.549,1.531,1.524,1.593,1.575,1.568,1.637,1.629,1.632,1.824,1.821,1.824,2.087,2.084,2.087,2.503,2.5,2.503,0,0.03,-0.013,0.033,-0.009,0.018,0.017,0.018,0.007,0.018,0.007,0.008,-0.003,0.003,-0.003,0.003,-0.003,0.003,-0.003,-5.15,-0.6,-4.55
0.14798,0.14244,0.856,0.869,0.874,0.777,0.786,0.786,1.376,1.359,1.331,1.531,1.524,1.501,1.575,1.568,1.545,1.629,1.632,1.609,1.821,1.824,1.801,2.084,2.087,2.064,2.5,2.503,2.48,0.00554,-0.013,-0.005,-0.009,0,0.017,0.028,0.007,0.023,0.007,0.023,-0.003,0.023,-0.003,0.023,-0.003,0.023,-0.003,0.023,17.69,-5.15,22.84
0.14843,0.14798,0.869,0.874,0.887,0.786,0.786,0.788,1.359,1.331,1.316,1.524,1.501,1.486,1.568,1.545,1.53,1.632,1.609,1.594,1.824,1.801,1.781,2.087,2.064,2.044,2.503,2.48,2.46,0.00045,-0.005,-0.013,0,-0.002,0.028,0.015,0.023,0.015,0.023,0.015,0.023,0.015,0.023,0.02,0.023,0.02,0.023,0.02,-8.9,17.69,-26.59
0.14917,0.14843,0.874,0.887,0.876,0.786,0.788,0.785,1.331,1.316,1.341,1.501,1.486,1.516,1.545,1.53,1.56,1.609,1.594,1.624,1.801,1.781,1.811,2.064,2.044,2.074,2.48,2.46,2.49,0.00074,-0.013,0.011,-0.002,0.003,0.015,-0.025,0.015,-0.03,0.015,-0.03,0.015,-0.03,0.02,-0.03,0.02,-0.03,0.02,-0.03,-5.82,-8.9,3.08
0.14948,0.14917,0.887,0.876,0.868,0.788,0.785,0.769,1.316,1.341,1.334,1.486,1.516,1.524,1.53,1.56,1.568,1.594,1.624,1.632,1.781,1.811,1.819,2.044,2.074,2.082,2.46,2.49,2.498,0.00031,0.011,0.008,0.003,0.016,-0.025,0.007,-0.03,-0.008,-0.03,-0.008,-0.03,-0.008,-0.03,-0.008,-0.03,-0.008,-0.03,-0.008,2.82,-5.82,8.64
0.15219,0.14948,0.876,0.868,0.856,0.785,0.769,0.772,1.341,1.334,1.291,1.516,1.524,1.491,1.56,1.568,1.535,1.624,1.632,1.599,1.811,1.819,1.786,2.074,2.082,2.049,2.49,2.498,2.465,0.00271,0.008,0.012,0.016,-0.003,0.007,0.043,-0.008,0.033,-0.008,0.033,-0.008,0.033,-0.008,0.033,-0.008,0.033,-0.008,0.033,3.15,2.82,0.33
0.15219,0.15219,0.868,0.856,0.837,0.769,0.772,0.756,1.334,1.291,1.274,1.524,1.491,1.494,1.568,1.535,1.538,1.632,1.599,1.602,1.819,1.786,1.779,2.082,2.049,2.042,2.498,2.465,2.458,0,0.012,0.019,-0.003,0.016,0.043,0.017,0.033,-0.003,0.033,-0.003,0.033,-0.003,0.033,0.007,0.033,0.007,0.033,0.007,1.58,3.15,-1.57
0.15219,0.15219,,,,,,,,,,,,,,,,,,,,,,,,,,,,,,,,,,,,,,,,,,,,,,,,,
0.15215,0.15219,,,,,,,,,,,,,,,,,,,,,,,,,,,,,,,,,,,,,,,,,,,,,,,,,
0.15192,0.15215,,,,,,,,,,,,,,,,,,,,,,,,,,,,,,,,,,,,,,,,,,,,,,,,,
0.15376,0.15192,,,,,,,,,,,,,,,,,,,,,,,,,,,,,,,,,,,,,,,,,,,,,,,,,
0.15403,0.15376,,,,,,,,,,,,,,,,,,,,,,,,,,,,,,,,,,,,,,,,,,,,,,,,,
0.15568,0.15403,,,,,,,,,,,,,,,,,,,,,,,,,,,,,,,,,,,,,,,,,,,,,,,,,
0.15568,0.15568,,,,,,,,,,,,,,,,,,,,,,,,,,,,,,,,,,,,,,,,,,,,,,,,,
0.15568,0.15568,,,,,,,,,,,,,,,,,,,,,,,,,,,,,,,,,,,,,,,,,,,,,,,,,
0.16161,0.15568,,,,,,,,,,,,,,,,,,,,,,,,,,,,,,,,,,,,,,,,,,,,,,,,,
0.1614,0.16161,,,,,,,,,,,,,,,,,,,,,,,,,,,,,,,,,,,,,,,,,,,,,,,,,
0.16404,0.1614,,,,,,,,,,,,,,,,,,,,,,,,,,,,,,,,,,,,,,,,,,,,,,,,,
0.16787,0.16404,,,,,,,,,,,,,,,,,,,,,,,,,,,,,,,,,,,,,,,,,,,,,,,,,
0.17013,0.16787,,,,,,,,,,,,,,,,,,,,,,,,,,,,,,,,,,,,,,,,,,,,,,,,,
0.17013,0.17013,,,,,,,,,,,,,,,,,,,,,,,,,,,,,,,,,,,,,,,,,,,,,,,,,
0.17013,0.17013,,,,,,,,,,,,,,,,,,,,,,,,,,,,,,,,,,,,,,,,,,,,,,,,,
0.17299,0.17013,,,,,,,,,,,,,,,,,,,,,,,,,,,,,,,,,,,,,,,,,,,,,,,,,
0.17456,0.17299,,,,,,,,,,,,,,,,,,,,,,,,,,,,,,,,,,,,,,,,,,,,,,,,,
0.18139,0.17456,,,,,,,,,,,,,,,,,,,,,,,,,,,,,,,,,,,,,,,,,,,,,,,,,
0.19787,0.18139,,,,,,,,,,,,,,,,,,,,,,,,,,,,,,,,,,,,,,,,,,,,,,,,,
0.21034,0.19787,,,,,,,,,,,,,,,,,,,,,,,,,,,,,,,,,,,,,,,,,,,,,,,,,
0.21034,0.21034,,,,,,,,,,,,,,,,,,,,,,,,,,,,,,,,,,,,,,,,,,,,,,,,,
0.21034,0.21034,,,,,,,,,,,,,,,,,,,,,,,,,,,,,,,,,,,,,,,,,,,,,,,,,
0.21782,0.21034,,,,,,,,,,,,,,,,,,,,,,,,,,,,,,,,,,,,,,,,,,,,,,,,,
0.23499,0.21782,,,,,,,,,,,,,,,,,,,,,,,,,,,,,,,,,,,,,,,,,,,,,,,,,
0.24092,0.23499,,,,,,,,,,,,,,,,,,,,,,,,,,,,,,,,,,,,,,,,,,,,,,,,,
0.24137,0.24092,,,,,,,,,,,,,,,,,,,,,,,,,,,,,,,,,,,,,,,,,,,,,,,,,
0.2422,0.24137,,,,,,,,,,,,,,,,,,,,,,,,,,,,,,,,,,,,,,,,,,,,,,,,,
0.2422,0.2422,,,,,,,,,,,,,,,,,,,,,,,,,,,,,,,,,,,,,,,,,,,,,,,,,
0.2422,0.2422,,,,,,,,,,,,,,,,,,,,,,,,,,,,,,,,,,,,,,,,,,,,,,,,,
0.24256,0.2422,,,,,,,,,,,,,,,,,,,,,,,,,,,,,,,,,,,,,,,,,,,,,,,,,
0.24285,0.24256,,,,,,,,,,,,,,,,,,,,,,,,,,,,,,,,,,,,,,,,,,,,,,,,,
0.2465,0.24285,,,,,,,,,,,,,,,,,,,,,,,,,,,,,,,,,,,,,,,,,,,,,,,,,
0.24769,0.2465,,,,,,,,,,,,,,,,,,,,,,,,,,,,,,,,,,,,,,,,,,,,,,,,,
0.24725,0.24769,,,,,,,,,,,,,,,,,,,,,,,,,,,,,,,,,,,,,,,,,,,,,,,,,
0.24725,0.24725,,,,,,,,,,,,,,,,,,,,,,,,,,,,,,,,,,,,,,,,,,,,,,,,,
0.24725,0.24725,,,,,,,,,,,,,,,,,,,,,,,,,,,,,,,,,,,,,,,,,,,,,,,,,
0.25088,0.24725,,,,,,,,,,,,,,,,,,,,,,,,,,,,,,,,,,,,,,,,,,,,,,,,,
0.25098,0.25088,,,,,,,,,,,,,,,,,,,,,,,,,,,,,,,,,,,,,,,,,,,,,,,,,
0.25125,0.25098,,,,,,,,,,,,,,,,,,,,,,,,,,,,,,,,,,,,,,,,,,,,,,,,,
0.25176,0.25125,,,,,,,,,,,,,,,,,,,,,,,,,,,,,,,,,,,,,,,,,,,,,,,,,
0.25192,0.25176,,,,,,,,,,,,,,,,,,,,,,,,,,,,,,,,,,,,,,,,,,,,,,,,,
0.25192,0.25192,,,,,,,,,,,,,,,,,,,,,,,,,,,,,,,,,,,,,,,,,,,,,,,,,
0.25192,0.25192,,,,,,,,,,,,,,,,,,,,,,,,,,,,,,,,,,,,,,,,,,,,,,,,,
0.25305,0.25192,,,,,,,,,,,,,,,,,,,,,,,,,,,,,,,,,,,,,,,,,,,,,,,,,
0.25313,0.25305,,,,,,,,,,,,,,,,,,,,,,,,,,,,,,,,,,,,,,,,,,,,,,,,,
0.25313,0.25313,,,,,,,,,,,,,,,,,,,,,,,,,,,,,,,,,,,,,,,,,,,,,,,,,
0.25356,0.25313,,,,,,,,,,,,,,,,,,,,,,,,,,,,,,,,,,,,,,,,,,,,,,,,,
0.25562,0.25356,,,,,,,,,,,,,,,,,,,,,,,,,,,,,,,,,,,,,,,,,,,,,,,,,
0.25562,0.25562,,,,,,,,,,,,,,,,,,,,,,,,,,,,,,,,,,,,,,,,,,,,,,,,,
0.25562,0.25562,,,,,,,,,,,,,,,,,,,,,,,,,,,,,,,,,,,,,,,,,,,,,,,,,
0.25592,0.25562,,,,,,,,,,,,,,,,,,,,,,,,,,,,,,,,,,,,,,,,,,,,,,,,,
0.25561,0.25592,,,,,,,,,,,,,,,,,,,,,,,,,,,,,,,,,,,,,,,,,,,,,,,,,
0.25583,0.25561,,,,,,,,,,,,,,,,,,,,,,,,,,,,,,,,,,,,,,,,,,,,,,,,,
0.25594,0.25583,,,,,,,,,,,,,,,,,,,,,,,,,,,,,,,,,,,,,,,,,,,,,,,,,
0.25612,0.25594,,,,,,,,,,,,,,,,,,,,,,,,,,,,,,,,,,,,,,,,,,,,,,,,,
0.25612,0.25612,,,,,,,,,,,,,,,,,,,,,,,,,,,,,,,,,,,,,,,,,,,,,,,,,
0.25612,0.25612,,,,,,,,,,,,,,,,,,,,,,,,,,,,,,,,,,,,,,,,,,,,,,,,,
0.25726,0.25612,,,,,,,,,,,,,,,,,,,,,,,,,,,,,,,,,,,,,,,,,,,,,,,,,
0.25682,0.25726,,,,,,,,,,,,,,,,,,,,,,,,,,,,,,,,,,,,,,,,,,,,,,,,,
0.25616,0.25682,,,,,,,,,,,,,,,,,,,,,,,,,,,,,,,,,,,,,,,,,,,,,,,,,
0.25616,0.25616,,,,,,,,,,,,,,,,,,,,,,,,,,,,,,,,,,,,,,,,,,,,,,,,,
0.25616,0.25616,,,,,,,,,,,,,,,,,,,,,,,,,,,,,,,,,,,,,,,,,,,,,,,,,
0.25616,0.25616,,,,,,,,,,,,,,,,,,,,,,,,,,,,,,,,,,,,,,,,,,,,,,,,,
0.25616,0.25616,,,,,,,,,,,,,,,,,,,,,,,,,,,,,,,,,,,,,,,,,,,,,,,,,
0.25865,0.25616,,,,,,,,,,,,,,,,,,,,,,,,,,,,,,,,,,,,,,,,,,,,,,,,,
0.25865,0.25865,,,,,,,,,,,,,,,,,,,,,,,,,,,,,,,,,,,,,,,,,,,,,,,,,
0.25876,0.25865,,,,,,,,,,,,,,,,,,,,,,,,,,,,,,,,,,,,,,,,,,,,,,,,,
0.25864,0.25876,,,,,,,,,,,,,,,,,,,,,,,,,,,,,,,,,,,,,,,,,,,,,,,,,
0.25876,0.25864,,,,,,,,,,,,,,,,,,,,,,,,,,,,,,,,,,,,,,,,,,,,,,,,,
0.25876,0.25876,,,,,,,,,,,,,,,,,,,,,,,,,,,,,,,,,,,,,,,,,,,,,,,,,
0.25876,0.25876,,,,,,,,,,,,,,,,,,,,,,,,,,,,,,,,,,,,,,,,,,,,,,,,,
0.25718,0.25876,,,,,,,,,,,,,,,,,,,,,,,,,,,,,,,,,,,,,,,,,,,,,,,,,
0.25673,0.25718,,,,,,,,,,,,,,,,,,,,,,,,,,,,,,,,,,,,,,,,,,,,,,,,,
0.25664,0.25673,,,,,,,,,,,,,,,,,,,,,,,,,,,,,,,,,,,,,,,,,,,,,,,,,
0.25678,0.25664,,,,,,,,,,,,,,,,,,,,,,,,,,,,,,,,,,,,,,,,,,,,,,,,,
0.25675,0.25678,,,,,,,,,,,,,,,,,,,,,,,,,,,,,,,,,,,,,,,,,,,,,,,,,
0.25675,0.25675,,,,,,,,,,,,,,,,,,,,,,,,,,,,,,,,,,,,,,,,,,,,,,,,,
0.25675,0.25675,,,,,,,,,,,,,,,,,,,,,,,,,,,,,,,,,,,,,,,,,,,,,,,,,
0.25693,0.25675,,,,,,,,,,,,,,,,,,,,,,,,,,,,,,,,,,,,,,,,,,,,,,,,,
0.25761,0.25693,,,,,,,,,,,,,,,,,,,,,,,,,,,,,,,,,,,,,,,,,,,,,,,,,
0.25763,0.25761,,,,,,,,,,,,,,,,,,,,,,,,,,,,,,,,,,,,,,,,,,,,,,,,,
0.25762,0.25763,,,,,,,,,,,,,,,,,,,,,,,,,,,,,,,,,,,,,,,,,,,,,,,,,
0.25809,0.25762,,,,,,,,,,,,,,,,,,,,,,,,,,,,,,,,,,,,,,,,,,,,,,,,,
0.25809,0.25809,,,,,,,,,,,,,,,,,,,,,,,,,,,,,,,,,,,,,,,,,,,,,,,,,
0.25809,0.25809,,,,,,,,,,,,,,,,,,,,,,,,,,,,,,,,,,,,,,,,,,,,,,,,,
0.2588,0.25809,,,,,,,,,,,,,,,,,,,,,,,,,,,,,,,,,,,,,,,,,,,,,,,,,
0.25886,0.2588,,,,,,,,,,,,,,,,,,,,,,,,,,,,,,,,,,,,,,,,,,,,,,,,,
0.25886,0.25886,,,,,,,,,,,,,,,,,,,,,,,,,,,,,,,,,,,,,,,,,,,,,,,,,
0.25887,0.25886,,,,,,,,,,,,,,,,,,,,,,,,,,,,,,,,,,,,,,,,,,,,,,,,,
0.25855,0.25887,,,,,,,,,,,,,,,,,,,,,,,,,,,,,,,,,,,,,,,,,,,,,,,,,
